1.jpg,airplane
10.jpg,airplane
100.jpg,airplane
101.jpg,airplane
102.jpg,airplane
103.jpg,airplane
104.jpg,airplane
105.jpg,airplane
106.jpg,airplane
107.jpg,airplane
108.jpg,airplane
109.jpg,airplane
11.jpg,airplane
110.jpg,airplane
111.jpg,airplane
112.jpg,airplane
113.jpg,airplane
114.jpg,airplane
115.jpg,airplane
116.jpg,airplane
117.jpg,airplane
118.jpg,airplane
119.jpg,airplane
12.jpg,airplane
120.jpg,airplane
121.jpg,airplane
122.jpg,airplane
123.jpg,airplane
124.jpg,airplane
125.jpg,airplane
126.jpg,airplane
127.jpg,airplane
128.jpg,airplane
129.jpg,airplane
13.jpg,airplane
130.jpg,airplane
131.jpg,airplane
132.jpg,airplane
133.jpg,airplane
134.jpg,airplane
135.jpg,airplane
136.jpg,airplane
137.jpg,airplane
138.jpg,airplane
139.jpg,airplane
14.jpg,airplane
140.jpg,airplane
141.jpg,airplane
142.jpg,airplane
143.jpg,airplane
144.jpg,airplane
145.jpg,airplane
146.jpg,airplane
147.jpg,airplane
148.jpg,airplane
149.jpg,airplane
15.jpg,airplane
150.jpg,airplane
151.jpg,airplane
152.jpg,airplane
153.jpg,airplane
154.jpg,airplane
155.jpg,airplane
156.jpg,airplane
157.jpg,airplane
158.jpg,airplane
159.jpg,airplane
16.jpg,airplane
160.jpg,airplane
161.jpg,airplane
162.jpg,airplane
163.jpg,airplane
164.jpg,airplane
165.jpg,airplane
166.jpg,airplane
167.jpg,airplane
168.jpg,airplane
169.jpg,airplane
17.jpg,airplane
170.jpg,airplane
171.jpg,airplane
172.jpg,airplane
173.jpg,airplane
174.jpg,airplane
175.jpg,airplane
176.jpg,airplane
177.jpg,airplane
178.jpg,airplane
179.jpg,airplane
18.jpg,airplane
180.jpg,airplane
181.jpg,airplane
182.jpg,airplane
183.jpg,airplane
184.jpg,airplane
185.jpg,airplane
186.jpg,airplane
187.jpg,airplane
188.jpg,airplane
189.jpg,airplane
19.jpg,airplane
190.jpg,airplane
191.jpg,airplane
192.jpg,airplane
193.jpg,airplane
194.jpg,airplane
195.jpg,airplane
196.jpg,airplane
197.jpg,airplane
198.jpg,airplane
199.jpg,airplane
2.jpg,airplane
20.jpg,airplane
200.jpg,airplane
201.jpg,airplane
202.jpg,airplane
203.jpg,airplane
204.jpg,airplane
205.jpg,airplane
206.jpg,airplane
207.jpg,airplane
208.jpg,airplane
209.jpg,airplane
21.jpg,airplane
210.jpg,airplane
211.jpg,airplane
212.jpg,airplane
213.jpg,airplane
214.jpg,airplane
215.jpg,airplane
216.jpg,airplane
217.jpg,airplane
218.jpg,airplane
219.jpg,airplane
22.jpg,airplane
220.jpg,airplane
221.jpg,airplane
222.jpg,airplane
223.jpg,airplane
224.jpg,airplane
225.jpg,airplane
226.jpg,airplane
227.jpg,airplane
228.jpg,airplane
229.jpg,airplane
23.jpg,airplane
230.jpg,airplane
231.jpg,airplane
232.jpg,airplane
233.jpg,airplane
234.jpg,airplane
235.jpg,airplane
236.jpg,airplane
237.jpg,airplane
238.jpg,airplane
239.jpg,airplane
24.jpg,airplane
240.jpg,airplane
241.jpg,airplane
242.jpg,airplane
243.jpg,airplane
244.jpg,airplane
245.jpg,airplane
246.jpg,airplane
247.jpg,airplane
248.jpg,airplane
249.jpg,airplane
25.jpg,airplane
250.jpg,airplane
251.jpg,airplane
252.jpg,airplane
253.jpg,airplane
254.jpg,airplane
255.jpg,airplane
256.jpg,airplane
257.jpg,airplane
258.jpg,airplane
259.jpg,airplane
26.jpg,airplane
260.jpg,airplane
261.jpg,airplane
262.jpg,airplane
263.jpg,airplane
264.jpg,airplane
265.jpg,airplane
266.jpg,airplane
267.jpg,airplane
268.jpg,airplane
269.jpg,airplane
27.jpg,airplane
270.jpg,airplane
271.jpg,airplane
272.jpg,airplane
273.jpg,airplane
274.jpg,airplane
275.jpg,airplane
276.jpg,airplane
277.jpg,airplane
278.jpg,airplane
279.jpg,airplane
28.jpg,airplane
280.jpg,airplane
281.jpg,airplane
282.jpg,airplane
283.jpg,airplane
284.jpg,airplane
285.jpg,airplane
286.jpg,airplane
287.jpg,airplane
288.jpg,airplane
289.jpg,airplane
29.jpg,airplane
290.jpg,airplane
291.jpg,airplane
292.jpg,airplane
293.jpg,airplane
294.jpg,airplane
295.jpg,airplane
296.jpg,airplane
297.jpg,airplane
298.jpg,airplane
299.jpg,airplane
3.jpg,airplane
30.jpg,airplane
300.jpg,airplane
301.jpg,airplane
302.jpg,airplane
303.jpg,airplane
304.jpg,airplane
305.jpg,airplane
306.jpg,airplane
307.jpg,airplane
308.jpg,airplane
309.jpg,airplane
31.jpg,airplane
310.jpg,airplane
311.jpg,airplane
312.jpg,airplane
313.jpg,airplane
314.jpg,airplane
315.jpg,airplane
316.jpg,airplane
317.jpg,airplane
318.jpg,airplane
319.jpg,airplane
32.jpg,airplane
320.jpg,airplane
321.jpg,airplane
322.jpg,airplane
323.jpg,airplane
324.jpg,airplane
325.jpg,airplane
326.jpg,airplane
327.jpg,airplane
328.jpg,airplane
329.jpg,airplane
33.jpg,airplane
330.jpg,airplane
331.jpg,airplane
332.jpg,airplane
333.jpg,airplane
334.jpg,airplane
335.jpg,airplane
336.jpg,airplane
337.jpg,airplane
338.jpg,airplane
339.jpg,airplane
34.jpg,airplane
340.jpg,airplane
341.jpg,airplane
342.jpg,airplane
343.jpg,airplane
344.jpg,airplane
345.jpg,airplane
346.jpg,airplane
347.jpg,airplane
348.jpg,airplane
349.jpg,airplane
35.jpg,airplane
350.jpg,airplane
351.jpg,airplane
352.jpg,airplane
353.jpg,airplane
354.jpg,airplane
355.jpg,airplane
356.jpg,airplane
357.jpg,airplane
358.jpg,airplane
359.jpg,airplane
36.jpg,airplane
360.jpg,airplane
361.jpg,airplane
362.jpg,airplane
363.jpg,airplane
364.jpg,airplane
365.jpg,airplane
366.jpg,airplane
367.jpg,airplane
368.jpg,airplane
369.jpg,airplane
37.jpg,airplane
370.jpg,airplane
371.jpg,airplane
372.jpg,airplane
373.jpg,airplane
374.jpg,airplane
375.jpg,airplane
376.jpg,airplane
377.jpg,airplane
378.jpg,airplane
379.jpg,airplane
38.jpg,airplane
380.jpg,airplane
381.jpg,airplane
382.jpg,airplane
383.jpg,airplane
384.jpg,airplane
385.jpg,airplane
386.jpg,airplane
387.jpg,airplane
388.jpg,airplane
389.jpg,airplane
39.jpg,airplane
390.jpg,airplane
391.jpg,airplane
392.jpg,airplane
393.jpg,airplane
394.jpg,airplane
395.jpg,airplane
396.jpg,airplane
397.jpg,airplane
398.jpg,airplane
399.jpg,airplane
4.jpg,airplane
40.jpg,airplane
400.jpg,airplane
401.jpg,airplane
402.jpg,airplane
403.jpg,airplane
404.jpg,airplane
405.jpg,airplane
406.jpg,airplane
407.jpg,airplane
408.jpg,airplane
409.jpg,airplane
41.jpg,airplane
410.jpg,airplane
411.jpg,airplane
412.jpg,airplane
413.jpg,airplane
414.jpg,airplane
415.jpg,airplane
416.jpg,airplane
417.jpg,airplane
418.jpg,airplane
419.jpg,airplane
42.jpg,airplane
420.jpg,airplane
421.jpg,airplane
422.jpg,airplane
423.jpg,airplane
424.jpg,airplane
425.jpg,airplane
426.jpg,airplane
427.jpg,airplane
428.jpg,airplane
429.jpg,airplane
43.jpg,airplane
430.jpg,airplane
431.jpg,airplane
432.jpg,airplane
433.jpg,airplane
434.jpg,airplane
435.jpg,airplane
436.jpg,airplane
437.jpg,airplane
438.jpg,airplane
439.jpg,airplane
44.jpg,airplane
440.jpg,airplane
441.jpg,airplane
442.jpg,airplane
443.jpg,airplane
444.jpg,airplane
445.jpg,airplane
446.jpg,airplane
447.jpg,airplane
448.jpg,airplane
449.jpg,airplane
45.jpg,airplane
450.jpg,airplane
451.jpg,airplane
452.jpg,airplane
453.jpg,airplane
454.jpg,airplane
455.jpg,airplane
456.jpg,airplane
457.jpg,airplane
458.jpg,airplane
459.jpg,airplane
46.jpg,airplane
460.jpg,airplane
461.jpg,airplane
462.jpg,airplane
463.jpg,airplane
464.jpg,airplane
465.jpg,airplane
466.jpg,airplane
467.jpg,airplane
468.jpg,airplane
469.jpg,airplane
47.jpg,airplane
470.jpg,airplane
471.jpg,airplane
472.jpg,airplane
473.jpg,airplane
474.jpg,airplane
475.jpg,airplane
476.jpg,airplane
477.jpg,airplane
478.jpg,airplane
479.jpg,airplane
48.jpg,airplane
480.jpg,airplane
481.jpg,airplane
482.jpg,airplane
483.jpg,airplane
484.jpg,airplane
485.jpg,airplane
486.jpg,airplane
487.jpg,airplane
488.jpg,airplane
489.jpg,airplane
49.jpg,airplane
490.jpg,airplane
491.jpg,airplane
492.jpg,airplane
493.jpg,airplane
494.jpg,airplane
495.jpg,airplane
496.jpg,airplane
497.jpg,airplane
498.jpg,airplane
499.jpg,airplane
5.jpg,airplane
50.jpg,airplane
500.jpg,airplane
501.jpg,airplane
502.jpg,airplane
503.jpg,airplane
504.jpg,airplane
505.jpg,airplane
506.jpg,airplane
507.jpg,airplane
508.jpg,airplane
509.jpg,airplane
51.jpg,airplane
510.jpg,airplane
511.jpg,airplane
512.jpg,airplane
52.jpg,airplane
53.jpg,airplane
54.jpg,airplane
55.jpg,airplane
56.jpg,airplane
57.jpg,airplane
58.jpg,airplane
59.jpg,airplane
6.jpg,airplane
60.jpg,airplane
61.jpg,airplane
62.jpg,airplane
63.jpg,airplane
64.jpg,airplane
65.jpg,airplane
66.jpg,airplane
67.jpg,airplane
68.jpg,airplane
69.jpg,airplane
7.jpg,airplane
70.jpg,airplane
71.jpg,airplane
72.jpg,airplane
73.jpg,airplane
74.jpg,airplane
75.jpg,airplane
76.jpg,airplane
77.jpg,airplane
78.jpg,airplane
79.jpg,airplane
8.jpg,airplane
80.jpg,airplane
81.jpg,airplane
82.jpg,airplane
83.jpg,airplane
84.jpg,airplane
85.jpg,airplane
86.jpg,airplane
87.jpg,airplane
88.jpg,airplane
89.jpg,airplane
9.jpg,airplane
90.jpg,airplane
91.jpg,airplane
92.jpg,airplane
93.jpg,airplane
94.jpg,airplane
95.jpg,airplane
96.jpg,airplane
97.jpg,airplane
98.jpg,airplane
99.jpg,airplane
1.jpg,automobile
10.jpg,automobile
100.jpg,automobile
101.jpg,automobile
102.jpg,automobile
103.jpg,automobile
104.jpg,automobile
105.jpg,automobile
106.jpg,automobile
107.jpg,automobile
108.jpg,automobile
109.jpg,automobile
11.jpg,automobile
110.jpg,automobile
111.jpg,automobile
112.jpg,automobile
113.jpg,automobile
114.jpg,automobile
115.jpg,automobile
116.jpg,automobile
117.jpg,automobile
118.jpg,automobile
119.jpg,automobile
12.jpg,automobile
120.jpg,automobile
121.jpg,automobile
122.jpg,automobile
123.jpg,automobile
124.jpg,automobile
125.jpg,automobile
126.jpg,automobile
127.jpg,automobile
128.jpg,automobile
129.jpg,automobile
13.jpg,automobile
130.jpg,automobile
131.jpg,automobile
132.jpg,automobile
133.jpg,automobile
134.jpg,automobile
135.jpg,automobile
136.jpg,automobile
137.jpg,automobile
138.jpg,automobile
139.jpg,automobile
14.jpg,automobile
140.jpg,automobile
141.jpg,automobile
142.jpg,automobile
143.jpg,automobile
144.jpg,automobile
145.jpg,automobile
146.jpg,automobile
147.jpg,automobile
148.jpg,automobile
149.jpg,automobile
15.jpg,automobile
150.jpg,automobile
151.jpg,automobile
152.jpg,automobile
153.jpg,automobile
154.jpg,automobile
155.jpg,automobile
156.jpg,automobile
157.jpg,automobile
158.jpg,automobile
159.jpg,automobile
16.jpg,automobile
160.jpg,automobile
161.jpg,automobile
162.jpg,automobile
163.jpg,automobile
164.jpg,automobile
165.jpg,automobile
166.jpg,automobile
167.jpg,automobile
168.jpg,automobile
169.jpg,automobile
17.jpg,automobile
170.jpg,automobile
171.jpg,automobile
172.jpg,automobile
173.jpg,automobile
174.jpg,automobile
175.jpg,automobile
176.jpg,automobile
177.jpg,automobile
178.jpg,automobile
179.jpg,automobile
18.jpg,automobile
180.jpg,automobile
181.jpg,automobile
182.jpg,automobile
183.jpg,automobile
184.jpg,automobile
185.jpg,automobile
186.jpg,automobile
187.jpg,automobile
188.jpg,automobile
189.jpg,automobile
19.jpg,automobile
190.jpg,automobile
191.jpg,automobile
192.jpg,automobile
193.jpg,automobile
194.jpg,automobile
195.jpg,automobile
196.jpg,automobile
197.jpg,automobile
198.jpg,automobile
199.jpg,automobile
2.jpg,automobile
20.jpg,automobile
200.jpg,automobile
201.jpg,automobile
202.jpg,automobile
203.jpg,automobile
204.jpg,automobile
205.jpg,automobile
206.jpg,automobile
207.jpg,automobile
208.jpg,automobile
209.jpg,automobile
21.jpg,automobile
210.jpg,automobile
211.jpg,automobile
212.jpg,automobile
213.jpg,automobile
214.jpg,automobile
215.jpg,automobile
216.jpg,automobile
217.jpg,automobile
218.jpg,automobile
219.jpg,automobile
22.jpg,automobile
220.jpg,automobile
221.jpg,automobile
222.jpg,automobile
223.jpg,automobile
224.jpg,automobile
225.jpg,automobile
226.jpg,automobile
227.jpg,automobile
228.jpg,automobile
229.jpg,automobile
23.jpg,automobile
230.jpg,automobile
231.jpg,automobile
232.jpg,automobile
233.jpg,automobile
234.jpg,automobile
235.jpg,automobile
236.jpg,automobile
237.jpg,automobile
238.jpg,automobile
239.jpg,automobile
24.jpg,automobile
240.jpg,automobile
241.jpg,automobile
242.jpg,automobile
243.jpg,automobile
244.jpg,automobile
245.jpg,automobile
246.jpg,automobile
247.jpg,automobile
248.jpg,automobile
249.jpg,automobile
25.jpg,automobile
250.jpg,automobile
251.jpg,automobile
252.jpg,automobile
253.jpg,automobile
254.jpg,automobile
255.jpg,automobile
256.jpg,automobile
257.jpg,automobile
258.jpg,automobile
259.jpg,automobile
26.jpg,automobile
260.jpg,automobile
261.jpg,automobile
262.jpg,automobile
263.jpg,automobile
264.jpg,automobile
265.jpg,automobile
266.jpg,automobile
267.jpg,automobile
268.jpg,automobile
269.jpg,automobile
27.jpg,automobile
270.jpg,automobile
271.jpg,automobile
272.jpg,automobile
273.jpg,automobile
274.jpg,automobile
275.jpg,automobile
276.jpg,automobile
277.jpg,automobile
278.jpg,automobile
279.jpg,automobile
28.jpg,automobile
280.jpg,automobile
281.jpg,automobile
282.jpg,automobile
283.jpg,automobile
284.jpg,automobile
285.jpg,automobile
286.jpg,automobile
287.jpg,automobile
288.jpg,automobile
289.jpg,automobile
29.jpg,automobile
290.jpg,automobile
291.jpg,automobile
292.jpg,automobile
293.jpg,automobile
294.jpg,automobile
295.jpg,automobile
296.jpg,automobile
297.jpg,automobile
298.jpg,automobile
299.jpg,automobile
3.jpg,automobile
30.jpg,automobile
300.jpg,automobile
301.jpg,automobile
302.jpg,automobile
303.jpg,automobile
304.jpg,automobile
305.jpg,automobile
306.jpg,automobile
307.jpg,automobile
308.jpg,automobile
309.jpg,automobile
31.jpg,automobile
310.jpg,automobile
311.jpg,automobile
312.jpg,automobile
313.jpg,automobile
314.jpg,automobile
315.jpg,automobile
316.jpg,automobile
317.jpg,automobile
318.jpg,automobile
319.jpg,automobile
32.jpg,automobile
320.jpg,automobile
321.jpg,automobile
322.jpg,automobile
323.jpg,automobile
324.jpg,automobile
325.jpg,automobile
326.jpg,automobile
327.jpg,automobile
328.jpg,automobile
329.jpg,automobile
33.jpg,automobile
330.jpg,automobile
331.jpg,automobile
332.jpg,automobile
333.jpg,automobile
334.jpg,automobile
335.jpg,automobile
336.jpg,automobile
337.jpg,automobile
338.jpg,automobile
339.jpg,automobile
34.jpg,automobile
340.jpg,automobile
341.jpg,automobile
342.jpg,automobile
343.jpg,automobile
344.jpg,automobile
345.jpg,automobile
346.jpg,automobile
347.jpg,automobile
348.jpg,automobile
349.jpg,automobile
35.jpg,automobile
350.jpg,automobile
351.jpg,automobile
352.jpg,automobile
353.jpg,automobile
354.jpg,automobile
355.jpg,automobile
356.jpg,automobile
357.jpg,automobile
358.jpg,automobile
359.jpg,automobile
36.jpg,automobile
360.jpg,automobile
361.jpg,automobile
362.jpg,automobile
363.jpg,automobile
364.jpg,automobile
365.jpg,automobile
366.jpg,automobile
367.jpg,automobile
368.jpg,automobile
369.jpg,automobile
37.jpg,automobile
370.jpg,automobile
371.jpg,automobile
372.jpg,automobile
373.jpg,automobile
374.jpg,automobile
375.jpg,automobile
376.jpg,automobile
377.jpg,automobile
378.jpg,automobile
379.jpg,automobile
38.jpg,automobile
380.jpg,automobile
381.jpg,automobile
382.jpg,automobile
383.jpg,automobile
384.jpg,automobile
385.jpg,automobile
386.jpg,automobile
387.jpg,automobile
388.jpg,automobile
389.jpg,automobile
39.jpg,automobile
390.jpg,automobile
391.jpg,automobile
392.jpg,automobile
393.jpg,automobile
394.jpg,automobile
395.jpg,automobile
396.jpg,automobile
397.jpg,automobile
398.jpg,automobile
399.jpg,automobile
4.jpg,automobile
40.jpg,automobile
400.jpg,automobile
401.jpg,automobile
402.jpg,automobile
403.jpg,automobile
404.jpg,automobile
405.jpg,automobile
406.jpg,automobile
407.jpg,automobile
408.jpg,automobile
409.jpg,automobile
41.jpg,automobile
410.jpg,automobile
411.jpg,automobile
412.jpg,automobile
413.jpg,automobile
414.jpg,automobile
415.jpg,automobile
416.jpg,automobile
417.jpg,automobile
418.jpg,automobile
419.jpg,automobile
42.jpg,automobile
420.jpg,automobile
421.jpg,automobile
422.jpg,automobile
423.jpg,automobile
424.jpg,automobile
425.jpg,automobile
426.jpg,automobile
427.jpg,automobile
428.jpg,automobile
429.jpg,automobile
43.jpg,automobile
430.jpg,automobile
431.jpg,automobile
432.jpg,automobile
433.jpg,automobile
434.jpg,automobile
435.jpg,automobile
436.jpg,automobile
437.jpg,automobile
438.jpg,automobile
439.jpg,automobile
44.jpg,automobile
440.jpg,automobile
441.jpg,automobile
442.jpg,automobile
443.jpg,automobile
444.jpg,automobile
445.jpg,automobile
446.jpg,automobile
447.jpg,automobile
448.jpg,automobile
449.jpg,automobile
45.jpg,automobile
450.jpg,automobile
451.jpg,automobile
452.jpg,automobile
453.jpg,automobile
454.jpg,automobile
455.jpg,automobile
456.jpg,automobile
457.jpg,automobile
458.jpg,automobile
459.jpg,automobile
46.jpg,automobile
460.jpg,automobile
461.jpg,automobile
462.jpg,automobile
463.jpg,automobile
464.jpg,automobile
465.jpg,automobile
466.jpg,automobile
467.jpg,automobile
468.jpg,automobile
469.jpg,automobile
47.jpg,automobile
470.jpg,automobile
471.jpg,automobile
472.jpg,automobile
473.jpg,automobile
474.jpg,automobile
475.jpg,automobile
476.jpg,automobile
477.jpg,automobile
478.jpg,automobile
479.jpg,automobile
48.jpg,automobile
480.jpg,automobile
481.jpg,automobile
482.jpg,automobile
483.jpg,automobile
484.jpg,automobile
485.jpg,automobile
486.jpg,automobile
487.jpg,automobile
488.jpg,automobile
489.jpg,automobile
49.jpg,automobile
490.jpg,automobile
491.jpg,automobile
492.jpg,automobile
493.jpg,automobile
494.jpg,automobile
495.jpg,automobile
5.jpg,automobile
50.jpg,automobile
51.jpg,automobile
52.jpg,automobile
53.jpg,automobile
54.jpg,automobile
55.jpg,automobile
56.jpg,automobile
57.jpg,automobile
58.jpg,automobile
59.jpg,automobile
6.jpg,automobile
60.jpg,automobile
61.jpg,automobile
62.jpg,automobile
63.jpg,automobile
64.jpg,automobile
65.jpg,automobile
66.jpg,automobile
67.jpg,automobile
68.jpg,automobile
69.jpg,automobile
7.jpg,automobile
70.jpg,automobile
71.jpg,automobile
72.jpg,automobile
73.jpg,automobile
74.jpg,automobile
75.jpg,automobile
76.jpg,automobile
77.jpg,automobile
78.jpg,automobile
79.jpg,automobile
8.jpg,automobile
80.jpg,automobile
81.jpg,automobile
82.jpg,automobile
83.jpg,automobile
84.jpg,automobile
85.jpg,automobile
86.jpg,automobile
87.jpg,automobile
88.jpg,automobile
89.jpg,automobile
9.jpg,automobile
90.jpg,automobile
91.jpg,automobile
92.jpg,automobile
93.jpg,automobile
94.jpg,automobile
95.jpg,automobile
96.jpg,automobile
97.jpg,automobile
98.jpg,automobile
99.jpg,automobile
1.jpg,bird
10.jpg,bird
100.jpg,bird
101.jpg,bird
102.jpg,bird
103.jpg,bird
104.jpg,bird
105.jpg,bird
106.jpg,bird
107.jpg,bird
108.jpg,bird
109.jpg,bird
11.jpg,bird
110.jpg,bird
111.jpg,bird
112.jpg,bird
113.jpg,bird
114.jpg,bird
115.jpg,bird
116.jpg,bird
117.jpg,bird
118.jpg,bird
119.jpg,bird
12.jpg,bird
120.jpg,bird
121.jpg,bird
122.jpg,bird
123.jpg,bird
124.jpg,bird
125.jpg,bird
126.jpg,bird
127.jpg,bird
128.jpg,bird
129.jpg,bird
13.jpg,bird
130.jpg,bird
131.jpg,bird
132.jpg,bird
133.jpg,bird
134.jpg,bird
135.jpg,bird
136.jpg,bird
137.jpg,bird
138.jpg,bird
139.jpg,bird
14.jpg,bird
140.jpg,bird
141.jpg,bird
142.jpg,bird
143.jpg,bird
144.jpg,bird
145.jpg,bird
146.jpg,bird
147.jpg,bird
148.jpg,bird
149.jpg,bird
15.jpg,bird
150.jpg,bird
151.jpg,bird
152.jpg,bird
153.jpg,bird
154.jpg,bird
155.jpg,bird
156.jpg,bird
157.jpg,bird
158.jpg,bird
159.jpg,bird
16.jpg,bird
160.jpg,bird
161.jpg,bird
162.jpg,bird
163.jpg,bird
164.jpg,bird
165.jpg,bird
166.jpg,bird
167.jpg,bird
168.jpg,bird
169.jpg,bird
17.jpg,bird
170.jpg,bird
171.jpg,bird
172.jpg,bird
173.jpg,bird
174.jpg,bird
175.jpg,bird
176.jpg,bird
177.jpg,bird
178.jpg,bird
179.jpg,bird
18.jpg,bird
180.jpg,bird
181.jpg,bird
182.jpg,bird
183.jpg,bird
184.jpg,bird
185.jpg,bird
186.jpg,bird
187.jpg,bird
188.jpg,bird
189.jpg,bird
19.jpg,bird
190.jpg,bird
191.jpg,bird
192.jpg,bird
193.jpg,bird
194.jpg,bird
195.jpg,bird
196.jpg,bird
197.jpg,bird
198.jpg,bird
199.jpg,bird
2.jpg,bird
20.jpg,bird
200.jpg,bird
201.jpg,bird
202.jpg,bird
203.jpg,bird
204.jpg,bird
205.jpg,bird
206.jpg,bird
207.jpg,bird
208.jpg,bird
209.jpg,bird
21.jpg,bird
210.jpg,bird
211.jpg,bird
212.jpg,bird
213.jpg,bird
214.jpg,bird
215.jpg,bird
216.jpg,bird
217.jpg,bird
218.jpg,bird
219.jpg,bird
22.jpg,bird
220.jpg,bird
221.jpg,bird
222.jpg,bird
223.jpg,bird
224.jpg,bird
225.jpg,bird
226.jpg,bird
227.jpg,bird
228.jpg,bird
229.jpg,bird
23.jpg,bird
230.jpg,bird
231.jpg,bird
232.jpg,bird
233.jpg,bird
234.jpg,bird
235.jpg,bird
236.jpg,bird
237.jpg,bird
238.jpg,bird
239.jpg,bird
24.jpg,bird
240.jpg,bird
241.jpg,bird
242.jpg,bird
243.jpg,bird
244.jpg,bird
245.jpg,bird
246.jpg,bird
247.jpg,bird
248.jpg,bird
249.jpg,bird
25.jpg,bird
250.jpg,bird
251.jpg,bird
252.jpg,bird
253.jpg,bird
254.jpg,bird
255.jpg,bird
256.jpg,bird
257.jpg,bird
258.jpg,bird
259.jpg,bird
26.jpg,bird
260.jpg,bird
261.jpg,bird
262.jpg,bird
263.jpg,bird
264.jpg,bird
265.jpg,bird
266.jpg,bird
267.jpg,bird
268.jpg,bird
269.jpg,bird
27.jpg,bird
270.jpg,bird
271.jpg,bird
272.jpg,bird
273.jpg,bird
274.jpg,bird
275.jpg,bird
276.jpg,bird
277.jpg,bird
278.jpg,bird
279.jpg,bird
28.jpg,bird
280.jpg,bird
281.jpg,bird
282.jpg,bird
283.jpg,bird
284.jpg,bird
285.jpg,bird
286.jpg,bird
287.jpg,bird
288.jpg,bird
289.jpg,bird
29.jpg,bird
290.jpg,bird
291.jpg,bird
292.jpg,bird
293.jpg,bird
294.jpg,bird
295.jpg,bird
296.jpg,bird
297.jpg,bird
298.jpg,bird
299.jpg,bird
3.jpg,bird
30.jpg,bird
300.jpg,bird
301.jpg,bird
302.jpg,bird
303.jpg,bird
304.jpg,bird
305.jpg,bird
306.jpg,bird
307.jpg,bird
308.jpg,bird
309.jpg,bird
31.jpg,bird
310.jpg,bird
311.jpg,bird
312.jpg,bird
313.jpg,bird
314.jpg,bird
315.jpg,bird
316.jpg,bird
317.jpg,bird
318.jpg,bird
319.jpg,bird
32.jpg,bird
320.jpg,bird
321.jpg,bird
322.jpg,bird
323.jpg,bird
324.jpg,bird
325.jpg,bird
326.jpg,bird
327.jpg,bird
328.jpg,bird
329.jpg,bird
33.jpg,bird
330.jpg,bird
331.jpg,bird
332.jpg,bird
333.jpg,bird
334.jpg,bird
335.jpg,bird
336.jpg,bird
337.jpg,bird
338.jpg,bird
339.jpg,bird
34.jpg,bird
340.jpg,bird
341.jpg,bird
342.jpg,bird
343.jpg,bird
344.jpg,bird
345.jpg,bird
346.jpg,bird
347.jpg,bird
348.jpg,bird
349.jpg,bird
35.jpg,bird
350.jpg,bird
351.jpg,bird
352.jpg,bird
353.jpg,bird
354.jpg,bird
355.jpg,bird
356.jpg,bird
357.jpg,bird
358.jpg,bird
359.jpg,bird
36.jpg,bird
360.jpg,bird
361.jpg,bird
362.jpg,bird
363.jpg,bird
364.jpg,bird
365.jpg,bird
366.jpg,bird
367.jpg,bird
368.jpg,bird
369.jpg,bird
37.jpg,bird
370.jpg,bird
371.jpg,bird
372.jpg,bird
373.jpg,bird
374.jpg,bird
375.jpg,bird
376.jpg,bird
377.jpg,bird
378.jpg,bird
379.jpg,bird
38.jpg,bird
380.jpg,bird
381.jpg,bird
382.jpg,bird
383.jpg,bird
384.jpg,bird
385.jpg,bird
386.jpg,bird
387.jpg,bird
388.jpg,bird
389.jpg,bird
39.jpg,bird
390.jpg,bird
391.jpg,bird
392.jpg,bird
393.jpg,bird
394.jpg,bird
395.jpg,bird
396.jpg,bird
397.jpg,bird
398.jpg,bird
399.jpg,bird
4.jpg,bird
40.jpg,bird
400.jpg,bird
401.jpg,bird
402.jpg,bird
403.jpg,bird
404.jpg,bird
405.jpg,bird
406.jpg,bird
407.jpg,bird
408.jpg,bird
409.jpg,bird
41.jpg,bird
410.jpg,bird
411.jpg,bird
412.jpg,bird
413.jpg,bird
414.jpg,bird
415.jpg,bird
416.jpg,bird
417.jpg,bird
418.jpg,bird
419.jpg,bird
42.jpg,bird
420.jpg,bird
421.jpg,bird
422.jpg,bird
423.jpg,bird
424.jpg,bird
425.jpg,bird
426.jpg,bird
427.jpg,bird
428.jpg,bird
429.jpg,bird
43.jpg,bird
430.jpg,bird
431.jpg,bird
432.jpg,bird
433.jpg,bird
434.jpg,bird
435.jpg,bird
436.jpg,bird
437.jpg,bird
438.jpg,bird
439.jpg,bird
44.jpg,bird
440.jpg,bird
441.jpg,bird
442.jpg,bird
443.jpg,bird
444.jpg,bird
445.jpg,bird
446.jpg,bird
447.jpg,bird
448.jpg,bird
449.jpg,bird
45.jpg,bird
450.jpg,bird
451.jpg,bird
452.jpg,bird
453.jpg,bird
454.jpg,bird
455.jpg,bird
456.jpg,bird
457.jpg,bird
458.jpg,bird
459.jpg,bird
46.jpg,bird
460.jpg,bird
461.jpg,bird
462.jpg,bird
463.jpg,bird
464.jpg,bird
465.jpg,bird
466.jpg,bird
467.jpg,bird
468.jpg,bird
469.jpg,bird
47.jpg,bird
470.jpg,bird
471.jpg,bird
472.jpg,bird
473.jpg,bird
474.jpg,bird
475.jpg,bird
476.jpg,bird
477.jpg,bird
478.jpg,bird
479.jpg,bird
48.jpg,bird
480.jpg,bird
481.jpg,bird
482.jpg,bird
483.jpg,bird
484.jpg,bird
485.jpg,bird
486.jpg,bird
487.jpg,bird
488.jpg,bird
49.jpg,bird
5.jpg,bird
50.jpg,bird
51.jpg,bird
52.jpg,bird
53.jpg,bird
54.jpg,bird
55.jpg,bird
56.jpg,bird
57.jpg,bird
58.jpg,bird
59.jpg,bird
6.jpg,bird
60.jpg,bird
61.jpg,bird
62.jpg,bird
63.jpg,bird
64.jpg,bird
65.jpg,bird
66.jpg,bird
67.jpg,bird
68.jpg,bird
69.jpg,bird
7.jpg,bird
70.jpg,bird
71.jpg,bird
72.jpg,bird
73.jpg,bird
74.jpg,bird
75.jpg,bird
76.jpg,bird
77.jpg,bird
78.jpg,bird
79.jpg,bird
8.jpg,bird
80.jpg,bird
81.jpg,bird
82.jpg,bird
83.jpg,bird
84.jpg,bird
85.jpg,bird
86.jpg,bird
87.jpg,bird
88.jpg,bird
89.jpg,bird
9.jpg,bird
90.jpg,bird
91.jpg,bird
92.jpg,bird
93.jpg,bird
94.jpg,bird
95.jpg,bird
96.jpg,bird
97.jpg,bird
98.jpg,bird
99.jpg,bird
1.jpg,cat
10.jpg,cat
100.jpg,cat
101.jpg,cat
102.jpg,cat
103.jpg,cat
104.jpg,cat
105.jpg,cat
106.jpg,cat
107.jpg,cat
108.jpg,cat
109.jpg,cat
11.jpg,cat
110.jpg,cat
111.jpg,cat
112.jpg,cat
113.jpg,cat
114.jpg,cat
115.jpg,cat
116.jpg,cat
117.jpg,cat
118.jpg,cat
119.jpg,cat
12.jpg,cat
120.jpg,cat
121.jpg,cat
122.jpg,cat
123.jpg,cat
124.jpg,cat
125.jpg,cat
126.jpg,cat
127.jpg,cat
128.jpg,cat
129.jpg,cat
13.jpg,cat
130.jpg,cat
131.jpg,cat
132.jpg,cat
133.jpg,cat
134.jpg,cat
135.jpg,cat
136.jpg,cat
137.jpg,cat
138.jpg,cat
139.jpg,cat
14.jpg,cat
140.jpg,cat
141.jpg,cat
142.jpg,cat
143.jpg,cat
144.jpg,cat
145.jpg,cat
146.jpg,cat
147.jpg,cat
148.jpg,cat
149.jpg,cat
15.jpg,cat
150.jpg,cat
151.jpg,cat
152.jpg,cat
153.jpg,cat
154.jpg,cat
155.jpg,cat
156.jpg,cat
157.jpg,cat
158.jpg,cat
159.jpg,cat
16.jpg,cat
160.jpg,cat
161.jpg,cat
162.jpg,cat
163.jpg,cat
164.jpg,cat
165.jpg,cat
166.jpg,cat
167.jpg,cat
168.jpg,cat
169.jpg,cat
17.jpg,cat
170.jpg,cat
171.jpg,cat
172.jpg,cat
173.jpg,cat
174.jpg,cat
175.jpg,cat
176.jpg,cat
177.jpg,cat
178.jpg,cat
179.jpg,cat
18.jpg,cat
180.jpg,cat
181.jpg,cat
182.jpg,cat
183.jpg,cat
184.jpg,cat
185.jpg,cat
186.jpg,cat
187.jpg,cat
188.jpg,cat
189.jpg,cat
19.jpg,cat
190.jpg,cat
191.jpg,cat
192.jpg,cat
193.jpg,cat
194.jpg,cat
195.jpg,cat
196.jpg,cat
197.jpg,cat
198.jpg,cat
199.jpg,cat
2.jpg,cat
20.jpg,cat
200.jpg,cat
201.jpg,cat
202.jpg,cat
203.jpg,cat
204.jpg,cat
205.jpg,cat
206.jpg,cat
207.jpg,cat
208.jpg,cat
209.jpg,cat
21.jpg,cat
210.jpg,cat
211.jpg,cat
212.jpg,cat
213.jpg,cat
214.jpg,cat
215.jpg,cat
216.jpg,cat
217.jpg,cat
218.jpg,cat
219.jpg,cat
22.jpg,cat
220.jpg,cat
221.jpg,cat
222.jpg,cat
223.jpg,cat
224.jpg,cat
225.jpg,cat
226.jpg,cat
227.jpg,cat
228.jpg,cat
229.jpg,cat
23.jpg,cat
230.jpg,cat
231.jpg,cat
232.jpg,cat
233.jpg,cat
234.jpg,cat
235.jpg,cat
236.jpg,cat
237.jpg,cat
238.jpg,cat
239.jpg,cat
24.jpg,cat
240.jpg,cat
241.jpg,cat
242.jpg,cat
243.jpg,cat
244.jpg,cat
245.jpg,cat
246.jpg,cat
247.jpg,cat
248.jpg,cat
249.jpg,cat
25.jpg,cat
250.jpg,cat
251.jpg,cat
252.jpg,cat
253.jpg,cat
254.jpg,cat
255.jpg,cat
256.jpg,cat
257.jpg,cat
258.jpg,cat
259.jpg,cat
26.jpg,cat
260.jpg,cat
261.jpg,cat
262.jpg,cat
263.jpg,cat
264.jpg,cat
265.jpg,cat
266.jpg,cat
267.jpg,cat
268.jpg,cat
269.jpg,cat
27.jpg,cat
270.jpg,cat
271.jpg,cat
272.jpg,cat
273.jpg,cat
274.jpg,cat
275.jpg,cat
276.jpg,cat
277.jpg,cat
278.jpg,cat
279.jpg,cat
28.jpg,cat
280.jpg,cat
281.jpg,cat
282.jpg,cat
283.jpg,cat
284.jpg,cat
285.jpg,cat
286.jpg,cat
287.jpg,cat
288.jpg,cat
289.jpg,cat
29.jpg,cat
290.jpg,cat
291.jpg,cat
292.jpg,cat
293.jpg,cat
294.jpg,cat
295.jpg,cat
296.jpg,cat
297.jpg,cat
298.jpg,cat
299.jpg,cat
3.jpg,cat
30.jpg,cat
300.jpg,cat
301.jpg,cat
302.jpg,cat
303.jpg,cat
304.jpg,cat
305.jpg,cat
306.jpg,cat
307.jpg,cat
308.jpg,cat
309.jpg,cat
31.jpg,cat
310.jpg,cat
311.jpg,cat
312.jpg,cat
313.jpg,cat
314.jpg,cat
315.jpg,cat
316.jpg,cat
317.jpg,cat
318.jpg,cat
319.jpg,cat
32.jpg,cat
320.jpg,cat
321.jpg,cat
322.jpg,cat
323.jpg,cat
324.jpg,cat
325.jpg,cat
326.jpg,cat
327.jpg,cat
328.jpg,cat
329.jpg,cat
33.jpg,cat
330.jpg,cat
331.jpg,cat
332.jpg,cat
333.jpg,cat
334.jpg,cat
335.jpg,cat
336.jpg,cat
337.jpg,cat
338.jpg,cat
339.jpg,cat
34.jpg,cat
340.jpg,cat
341.jpg,cat
342.jpg,cat
343.jpg,cat
344.jpg,cat
345.jpg,cat
346.jpg,cat
347.jpg,cat
348.jpg,cat
349.jpg,cat
35.jpg,cat
350.jpg,cat
351.jpg,cat
352.jpg,cat
353.jpg,cat
354.jpg,cat
355.jpg,cat
356.jpg,cat
357.jpg,cat
358.jpg,cat
359.jpg,cat
36.jpg,cat
360.jpg,cat
361.jpg,cat
362.jpg,cat
363.jpg,cat
364.jpg,cat
365.jpg,cat
366.jpg,cat
367.jpg,cat
368.jpg,cat
369.jpg,cat
37.jpg,cat
370.jpg,cat
371.jpg,cat
372.jpg,cat
373.jpg,cat
374.jpg,cat
375.jpg,cat
376.jpg,cat
377.jpg,cat
378.jpg,cat
379.jpg,cat
38.jpg,cat
380.jpg,cat
381.jpg,cat
382.jpg,cat
383.jpg,cat
384.jpg,cat
385.jpg,cat
386.jpg,cat
387.jpg,cat
388.jpg,cat
389.jpg,cat
39.jpg,cat
390.jpg,cat
391.jpg,cat
392.jpg,cat
393.jpg,cat
394.jpg,cat
395.jpg,cat
396.jpg,cat
397.jpg,cat
398.jpg,cat
399.jpg,cat
4.jpg,cat
40.jpg,cat
400.jpg,cat
401.jpg,cat
402.jpg,cat
403.jpg,cat
404.jpg,cat
405.jpg,cat
406.jpg,cat
407.jpg,cat
408.jpg,cat
409.jpg,cat
41.jpg,cat
410.jpg,cat
411.jpg,cat
412.jpg,cat
413.jpg,cat
414.jpg,cat
415.jpg,cat
416.jpg,cat
417.jpg,cat
418.jpg,cat
419.jpg,cat
42.jpg,cat
420.jpg,cat
421.jpg,cat
422.jpg,cat
423.jpg,cat
424.jpg,cat
425.jpg,cat
426.jpg,cat
427.jpg,cat
428.jpg,cat
429.jpg,cat
43.jpg,cat
430.jpg,cat
431.jpg,cat
432.jpg,cat
433.jpg,cat
434.jpg,cat
435.jpg,cat
436.jpg,cat
437.jpg,cat
438.jpg,cat
439.jpg,cat
44.jpg,cat
440.jpg,cat
441.jpg,cat
442.jpg,cat
443.jpg,cat
444.jpg,cat
445.jpg,cat
446.jpg,cat
447.jpg,cat
448.jpg,cat
449.jpg,cat
45.jpg,cat
450.jpg,cat
451.jpg,cat
452.jpg,cat
453.jpg,cat
454.jpg,cat
455.jpg,cat
456.jpg,cat
457.jpg,cat
458.jpg,cat
459.jpg,cat
46.jpg,cat
460.jpg,cat
461.jpg,cat
462.jpg,cat
463.jpg,cat
464.jpg,cat
465.jpg,cat
466.jpg,cat
467.jpg,cat
468.jpg,cat
469.jpg,cat
47.jpg,cat
470.jpg,cat
471.jpg,cat
472.jpg,cat
473.jpg,cat
474.jpg,cat
475.jpg,cat
476.jpg,cat
477.jpg,cat
478.jpg,cat
479.jpg,cat
48.jpg,cat
480.jpg,cat
481.jpg,cat
482.jpg,cat
483.jpg,cat
484.jpg,cat
485.jpg,cat
486.jpg,cat
487.jpg,cat
488.jpg,cat
489.jpg,cat
49.jpg,cat
490.jpg,cat
491.jpg,cat
492.jpg,cat
493.jpg,cat
494.jpg,cat
495.jpg,cat
496.jpg,cat
497.jpg,cat
498.jpg,cat
499.jpg,cat
5.jpg,cat
50.jpg,cat
500.jpg,cat
501.jpg,cat
502.jpg,cat
503.jpg,cat
51.jpg,cat
52.jpg,cat
53.jpg,cat
54.jpg,cat
55.jpg,cat
56.jpg,cat
57.jpg,cat
58.jpg,cat
59.jpg,cat
6.jpg,cat
60.jpg,cat
61.jpg,cat
62.jpg,cat
63.jpg,cat
64.jpg,cat
65.jpg,cat
66.jpg,cat
67.jpg,cat
68.jpg,cat
69.jpg,cat
7.jpg,cat
70.jpg,cat
71.jpg,cat
72.jpg,cat
73.jpg,cat
74.jpg,cat
75.jpg,cat
76.jpg,cat
77.jpg,cat
78.jpg,cat
79.jpg,cat
8.jpg,cat
80.jpg,cat
81.jpg,cat
82.jpg,cat
83.jpg,cat
84.jpg,cat
85.jpg,cat
86.jpg,cat
87.jpg,cat
88.jpg,cat
89.jpg,cat
9.jpg,cat
90.jpg,cat
91.jpg,cat
92.jpg,cat
93.jpg,cat
94.jpg,cat
95.jpg,cat
96.jpg,cat
97.jpg,cat
98.jpg,cat
99.jpg,cat
1.jpg,deer
10.jpg,deer
100.jpg,deer
101.jpg,deer
102.jpg,deer
103.jpg,deer
104.jpg,deer
105.jpg,deer
106.jpg,deer
107.jpg,deer
108.jpg,deer
109.jpg,deer
11.jpg,deer
110.jpg,deer
111.jpg,deer
112.jpg,deer
113.jpg,deer
114.jpg,deer
115.jpg,deer
116.jpg,deer
117.jpg,deer
118.jpg,deer
119.jpg,deer
12.jpg,deer
120.jpg,deer
121.jpg,deer
122.jpg,deer
123.jpg,deer
124.jpg,deer
125.jpg,deer
126.jpg,deer
127.jpg,deer
128.jpg,deer
129.jpg,deer
13.jpg,deer
130.jpg,deer
131.jpg,deer
132.jpg,deer
133.jpg,deer
134.jpg,deer
135.jpg,deer
136.jpg,deer
137.jpg,deer
138.jpg,deer
139.jpg,deer
14.jpg,deer
140.jpg,deer
141.jpg,deer
142.jpg,deer
143.jpg,deer
144.jpg,deer
145.jpg,deer
146.jpg,deer
147.jpg,deer
148.jpg,deer
149.jpg,deer
15.jpg,deer
150.jpg,deer
151.jpg,deer
152.jpg,deer
153.jpg,deer
154.jpg,deer
155.jpg,deer
156.jpg,deer
157.jpg,deer
158.jpg,deer
159.jpg,deer
16.jpg,deer
160.jpg,deer
161.jpg,deer
162.jpg,deer
163.jpg,deer
164.jpg,deer
165.jpg,deer
166.jpg,deer
167.jpg,deer
168.jpg,deer
169.jpg,deer
17.jpg,deer
170.jpg,deer
171.jpg,deer
172.jpg,deer
173.jpg,deer
174.jpg,deer
175.jpg,deer
176.jpg,deer
177.jpg,deer
178.jpg,deer
179.jpg,deer
18.jpg,deer
180.jpg,deer
181.jpg,deer
182.jpg,deer
183.jpg,deer
184.jpg,deer
185.jpg,deer
186.jpg,deer
187.jpg,deer
188.jpg,deer
189.jpg,deer
19.jpg,deer
190.jpg,deer
191.jpg,deer
192.jpg,deer
193.jpg,deer
194.jpg,deer
195.jpg,deer
196.jpg,deer
197.jpg,deer
198.jpg,deer
199.jpg,deer
2.jpg,deer
20.jpg,deer
200.jpg,deer
201.jpg,deer
202.jpg,deer
203.jpg,deer
204.jpg,deer
205.jpg,deer
206.jpg,deer
207.jpg,deer
208.jpg,deer
209.jpg,deer
21.jpg,deer
210.jpg,deer
211.jpg,deer
212.jpg,deer
213.jpg,deer
214.jpg,deer
215.jpg,deer
216.jpg,deer
217.jpg,deer
218.jpg,deer
219.jpg,deer
22.jpg,deer
220.jpg,deer
221.jpg,deer
222.jpg,deer
223.jpg,deer
224.jpg,deer
225.jpg,deer
226.jpg,deer
227.jpg,deer
228.jpg,deer
229.jpg,deer
23.jpg,deer
230.jpg,deer
231.jpg,deer
232.jpg,deer
233.jpg,deer
234.jpg,deer
235.jpg,deer
236.jpg,deer
237.jpg,deer
238.jpg,deer
239.jpg,deer
24.jpg,deer
240.jpg,deer
241.jpg,deer
242.jpg,deer
243.jpg,deer
244.jpg,deer
245.jpg,deer
246.jpg,deer
247.jpg,deer
248.jpg,deer
249.jpg,deer
25.jpg,deer
250.jpg,deer
251.jpg,deer
252.jpg,deer
253.jpg,deer
254.jpg,deer
255.jpg,deer
256.jpg,deer
257.jpg,deer
258.jpg,deer
259.jpg,deer
26.jpg,deer
260.jpg,deer
261.jpg,deer
262.jpg,deer
263.jpg,deer
264.jpg,deer
265.jpg,deer
266.jpg,deer
267.jpg,deer
268.jpg,deer
269.jpg,deer
27.jpg,deer
270.jpg,deer
271.jpg,deer
272.jpg,deer
273.jpg,deer
274.jpg,deer
275.jpg,deer
276.jpg,deer
277.jpg,deer
278.jpg,deer
279.jpg,deer
28.jpg,deer
280.jpg,deer
281.jpg,deer
282.jpg,deer
283.jpg,deer
284.jpg,deer
285.jpg,deer
286.jpg,deer
287.jpg,deer
288.jpg,deer
289.jpg,deer
29.jpg,deer
290.jpg,deer
291.jpg,deer
292.jpg,deer
293.jpg,deer
294.jpg,deer
295.jpg,deer
296.jpg,deer
297.jpg,deer
298.jpg,deer
299.jpg,deer
3.jpg,deer
30.jpg,deer
300.jpg,deer
301.jpg,deer
302.jpg,deer
303.jpg,deer
304.jpg,deer
305.jpg,deer
306.jpg,deer
307.jpg,deer
308.jpg,deer
309.jpg,deer
31.jpg,deer
310.jpg,deer
311.jpg,deer
312.jpg,deer
313.jpg,deer
314.jpg,deer
315.jpg,deer
316.jpg,deer
317.jpg,deer
318.jpg,deer
319.jpg,deer
32.jpg,deer
320.jpg,deer
321.jpg,deer
322.jpg,deer
323.jpg,deer
324.jpg,deer
325.jpg,deer
326.jpg,deer
327.jpg,deer
328.jpg,deer
329.jpg,deer
33.jpg,deer
330.jpg,deer
331.jpg,deer
332.jpg,deer
333.jpg,deer
334.jpg,deer
335.jpg,deer
336.jpg,deer
337.jpg,deer
338.jpg,deer
339.jpg,deer
34.jpg,deer
340.jpg,deer
341.jpg,deer
342.jpg,deer
343.jpg,deer
344.jpg,deer
345.jpg,deer
346.jpg,deer
347.jpg,deer
348.jpg,deer
349.jpg,deer
35.jpg,deer
350.jpg,deer
351.jpg,deer
352.jpg,deer
353.jpg,deer
354.jpg,deer
355.jpg,deer
356.jpg,deer
357.jpg,deer
358.jpg,deer
359.jpg,deer
36.jpg,deer
360.jpg,deer
361.jpg,deer
362.jpg,deer
363.jpg,deer
364.jpg,deer
365.jpg,deer
366.jpg,deer
367.jpg,deer
368.jpg,deer
369.jpg,deer
37.jpg,deer
370.jpg,deer
371.jpg,deer
372.jpg,deer
373.jpg,deer
374.jpg,deer
375.jpg,deer
376.jpg,deer
377.jpg,deer
378.jpg,deer
379.jpg,deer
38.jpg,deer
380.jpg,deer
381.jpg,deer
382.jpg,deer
383.jpg,deer
384.jpg,deer
385.jpg,deer
386.jpg,deer
387.jpg,deer
388.jpg,deer
389.jpg,deer
39.jpg,deer
390.jpg,deer
391.jpg,deer
392.jpg,deer
393.jpg,deer
394.jpg,deer
395.jpg,deer
396.jpg,deer
397.jpg,deer
398.jpg,deer
399.jpg,deer
4.jpg,deer
40.jpg,deer
400.jpg,deer
401.jpg,deer
402.jpg,deer
403.jpg,deer
404.jpg,deer
405.jpg,deer
406.jpg,deer
407.jpg,deer
408.jpg,deer
409.jpg,deer
41.jpg,deer
410.jpg,deer
411.jpg,deer
412.jpg,deer
413.jpg,deer
414.jpg,deer
415.jpg,deer
416.jpg,deer
417.jpg,deer
418.jpg,deer
419.jpg,deer
42.jpg,deer
420.jpg,deer
421.jpg,deer
422.jpg,deer
423.jpg,deer
424.jpg,deer
425.jpg,deer
426.jpg,deer
427.jpg,deer
428.jpg,deer
429.jpg,deer
43.jpg,deer
430.jpg,deer
431.jpg,deer
432.jpg,deer
433.jpg,deer
434.jpg,deer
435.jpg,deer
436.jpg,deer
437.jpg,deer
438.jpg,deer
439.jpg,deer
44.jpg,deer
440.jpg,deer
441.jpg,deer
442.jpg,deer
443.jpg,deer
444.jpg,deer
445.jpg,deer
446.jpg,deer
447.jpg,deer
448.jpg,deer
449.jpg,deer
45.jpg,deer
450.jpg,deer
451.jpg,deer
452.jpg,deer
453.jpg,deer
454.jpg,deer
455.jpg,deer
456.jpg,deer
457.jpg,deer
458.jpg,deer
459.jpg,deer
46.jpg,deer
460.jpg,deer
461.jpg,deer
462.jpg,deer
463.jpg,deer
464.jpg,deer
465.jpg,deer
466.jpg,deer
467.jpg,deer
468.jpg,deer
469.jpg,deer
47.jpg,deer
470.jpg,deer
471.jpg,deer
472.jpg,deer
473.jpg,deer
474.jpg,deer
475.jpg,deer
476.jpg,deer
477.jpg,deer
478.jpg,deer
479.jpg,deer
48.jpg,deer
480.jpg,deer
481.jpg,deer
482.jpg,deer
483.jpg,deer
484.jpg,deer
485.jpg,deer
486.jpg,deer
487.jpg,deer
488.jpg,deer
489.jpg,deer
49.jpg,deer
490.jpg,deer
491.jpg,deer
492.jpg,deer
493.jpg,deer
5.jpg,deer
50.jpg,deer
51.jpg,deer
52.jpg,deer
53.jpg,deer
54.jpg,deer
55.jpg,deer
56.jpg,deer
57.jpg,deer
58.jpg,deer
59.jpg,deer
6.jpg,deer
60.jpg,deer
61.jpg,deer
62.jpg,deer
63.jpg,deer
64.jpg,deer
65.jpg,deer
66.jpg,deer
67.jpg,deer
68.jpg,deer
69.jpg,deer
7.jpg,deer
70.jpg,deer
71.jpg,deer
72.jpg,deer
73.jpg,deer
74.jpg,deer
75.jpg,deer
76.jpg,deer
77.jpg,deer
78.jpg,deer
79.jpg,deer
8.jpg,deer
80.jpg,deer
81.jpg,deer
82.jpg,deer
83.jpg,deer
84.jpg,deer
85.jpg,deer
86.jpg,deer
87.jpg,deer
88.jpg,deer
89.jpg,deer
9.jpg,deer
90.jpg,deer
91.jpg,deer
92.jpg,deer
93.jpg,deer
94.jpg,deer
95.jpg,deer
96.jpg,deer
97.jpg,deer
98.jpg,deer
99.jpg,deer
1.jpg,dog
10.jpg,dog
100.jpg,dog
101.jpg,dog
102.jpg,dog
103.jpg,dog
104.jpg,dog
105.jpg,dog
106.jpg,dog
107.jpg,dog
108.jpg,dog
109.jpg,dog
11.jpg,dog
110.jpg,dog
111.jpg,dog
112.jpg,dog
113.jpg,dog
114.jpg,dog
115.jpg,dog
116.jpg,dog
117.jpg,dog
118.jpg,dog
119.jpg,dog
12.jpg,dog
120.jpg,dog
121.jpg,dog
122.jpg,dog
123.jpg,dog
124.jpg,dog
125.jpg,dog
126.jpg,dog
127.jpg,dog
128.jpg,dog
129.jpg,dog
13.jpg,dog
130.jpg,dog
131.jpg,dog
132.jpg,dog
133.jpg,dog
134.jpg,dog
135.jpg,dog
136.jpg,dog
137.jpg,dog
138.jpg,dog
139.jpg,dog
14.jpg,dog
140.jpg,dog
141.jpg,dog
142.jpg,dog
143.jpg,dog
144.jpg,dog
145.jpg,dog
146.jpg,dog
147.jpg,dog
148.jpg,dog
149.jpg,dog
15.jpg,dog
150.jpg,dog
151.jpg,dog
152.jpg,dog
153.jpg,dog
154.jpg,dog
155.jpg,dog
156.jpg,dog
157.jpg,dog
158.jpg,dog
159.jpg,dog
16.jpg,dog
160.jpg,dog
161.jpg,dog
162.jpg,dog
163.jpg,dog
164.jpg,dog
165.jpg,dog
166.jpg,dog
167.jpg,dog
168.jpg,dog
169.jpg,dog
17.jpg,dog
170.jpg,dog
171.jpg,dog
172.jpg,dog
173.jpg,dog
174.jpg,dog
175.jpg,dog
176.jpg,dog
177.jpg,dog
178.jpg,dog
179.jpg,dog
18.jpg,dog
180.jpg,dog
181.jpg,dog
182.jpg,dog
183.jpg,dog
184.jpg,dog
185.jpg,dog
186.jpg,dog
187.jpg,dog
188.jpg,dog
189.jpg,dog
19.jpg,dog
190.jpg,dog
191.jpg,dog
192.jpg,dog
193.jpg,dog
194.jpg,dog
195.jpg,dog
196.jpg,dog
197.jpg,dog
198.jpg,dog
199.jpg,dog
2.jpg,dog
20.jpg,dog
200.jpg,dog
201.jpg,dog
202.jpg,dog
203.jpg,dog
204.jpg,dog
205.jpg,dog
206.jpg,dog
207.jpg,dog
208.jpg,dog
209.jpg,dog
21.jpg,dog
210.jpg,dog
211.jpg,dog
212.jpg,dog
213.jpg,dog
214.jpg,dog
215.jpg,dog
216.jpg,dog
217.jpg,dog
218.jpg,dog
219.jpg,dog
22.jpg,dog
220.jpg,dog
221.jpg,dog
222.jpg,dog
223.jpg,dog
224.jpg,dog
225.jpg,dog
226.jpg,dog
227.jpg,dog
228.jpg,dog
229.jpg,dog
23.jpg,dog
230.jpg,dog
231.jpg,dog
232.jpg,dog
233.jpg,dog
234.jpg,dog
235.jpg,dog
236.jpg,dog
237.jpg,dog
238.jpg,dog
239.jpg,dog
24.jpg,dog
240.jpg,dog
241.jpg,dog
242.jpg,dog
243.jpg,dog
244.jpg,dog
245.jpg,dog
246.jpg,dog
247.jpg,dog
248.jpg,dog
249.jpg,dog
25.jpg,dog
250.jpg,dog
251.jpg,dog
252.jpg,dog
253.jpg,dog
254.jpg,dog
255.jpg,dog
256.jpg,dog
257.jpg,dog
258.jpg,dog
259.jpg,dog
26.jpg,dog
260.jpg,dog
261.jpg,dog
262.jpg,dog
263.jpg,dog
264.jpg,dog
265.jpg,dog
266.jpg,dog
267.jpg,dog
268.jpg,dog
269.jpg,dog
27.jpg,dog
270.jpg,dog
271.jpg,dog
272.jpg,dog
273.jpg,dog
274.jpg,dog
275.jpg,dog
276.jpg,dog
277.jpg,dog
278.jpg,dog
279.jpg,dog
28.jpg,dog
280.jpg,dog
281.jpg,dog
282.jpg,dog
283.jpg,dog
284.jpg,dog
285.jpg,dog
286.jpg,dog
287.jpg,dog
288.jpg,dog
289.jpg,dog
29.jpg,dog
290.jpg,dog
291.jpg,dog
292.jpg,dog
293.jpg,dog
294.jpg,dog
295.jpg,dog
296.jpg,dog
297.jpg,dog
298.jpg,dog
299.jpg,dog
3.jpg,dog
30.jpg,dog
300.jpg,dog
301.jpg,dog
302.jpg,dog
303.jpg,dog
304.jpg,dog
305.jpg,dog
306.jpg,dog
307.jpg,dog
308.jpg,dog
309.jpg,dog
31.jpg,dog
310.jpg,dog
311.jpg,dog
312.jpg,dog
313.jpg,dog
314.jpg,dog
315.jpg,dog
316.jpg,dog
317.jpg,dog
318.jpg,dog
319.jpg,dog
32.jpg,dog
320.jpg,dog
321.jpg,dog
322.jpg,dog
323.jpg,dog
324.jpg,dog
325.jpg,dog
326.jpg,dog
327.jpg,dog
328.jpg,dog
329.jpg,dog
33.jpg,dog
330.jpg,dog
331.jpg,dog
332.jpg,dog
333.jpg,dog
334.jpg,dog
335.jpg,dog
336.jpg,dog
337.jpg,dog
338.jpg,dog
339.jpg,dog
34.jpg,dog
340.jpg,dog
341.jpg,dog
342.jpg,dog
343.jpg,dog
344.jpg,dog
345.jpg,dog
346.jpg,dog
347.jpg,dog
348.jpg,dog
349.jpg,dog
35.jpg,dog
350.jpg,dog
351.jpg,dog
352.jpg,dog
353.jpg,dog
354.jpg,dog
355.jpg,dog
356.jpg,dog
357.jpg,dog
358.jpg,dog
359.jpg,dog
36.jpg,dog
360.jpg,dog
361.jpg,dog
362.jpg,dog
363.jpg,dog
364.jpg,dog
365.jpg,dog
366.jpg,dog
367.jpg,dog
368.jpg,dog
369.jpg,dog
37.jpg,dog
370.jpg,dog
371.jpg,dog
372.jpg,dog
373.jpg,dog
374.jpg,dog
375.jpg,dog
376.jpg,dog
377.jpg,dog
378.jpg,dog
379.jpg,dog
38.jpg,dog
380.jpg,dog
381.jpg,dog
382.jpg,dog
383.jpg,dog
384.jpg,dog
385.jpg,dog
386.jpg,dog
387.jpg,dog
388.jpg,dog
389.jpg,dog
39.jpg,dog
390.jpg,dog
391.jpg,dog
392.jpg,dog
393.jpg,dog
394.jpg,dog
395.jpg,dog
396.jpg,dog
397.jpg,dog
398.jpg,dog
399.jpg,dog
4.jpg,dog
40.jpg,dog
400.jpg,dog
401.jpg,dog
402.jpg,dog
403.jpg,dog
404.jpg,dog
405.jpg,dog
406.jpg,dog
407.jpg,dog
408.jpg,dog
409.jpg,dog
41.jpg,dog
410.jpg,dog
411.jpg,dog
412.jpg,dog
413.jpg,dog
414.jpg,dog
415.jpg,dog
416.jpg,dog
417.jpg,dog
418.jpg,dog
419.jpg,dog
42.jpg,dog
420.jpg,dog
421.jpg,dog
422.jpg,dog
423.jpg,dog
424.jpg,dog
425.jpg,dog
426.jpg,dog
427.jpg,dog
428.jpg,dog
429.jpg,dog
43.jpg,dog
430.jpg,dog
431.jpg,dog
432.jpg,dog
433.jpg,dog
434.jpg,dog
435.jpg,dog
436.jpg,dog
437.jpg,dog
438.jpg,dog
439.jpg,dog
44.jpg,dog
440.jpg,dog
441.jpg,dog
442.jpg,dog
443.jpg,dog
444.jpg,dog
445.jpg,dog
446.jpg,dog
447.jpg,dog
448.jpg,dog
449.jpg,dog
45.jpg,dog
450.jpg,dog
451.jpg,dog
452.jpg,dog
453.jpg,dog
454.jpg,dog
455.jpg,dog
456.jpg,dog
457.jpg,dog
458.jpg,dog
459.jpg,dog
46.jpg,dog
460.jpg,dog
461.jpg,dog
462.jpg,dog
463.jpg,dog
464.jpg,dog
465.jpg,dog
466.jpg,dog
467.jpg,dog
468.jpg,dog
469.jpg,dog
47.jpg,dog
470.jpg,dog
471.jpg,dog
472.jpg,dog
473.jpg,dog
474.jpg,dog
475.jpg,dog
476.jpg,dog
477.jpg,dog
478.jpg,dog
479.jpg,dog
48.jpg,dog
480.jpg,dog
481.jpg,dog
482.jpg,dog
483.jpg,dog
484.jpg,dog
485.jpg,dog
486.jpg,dog
487.jpg,dog
488.jpg,dog
489.jpg,dog
49.jpg,dog
490.jpg,dog
491.jpg,dog
492.jpg,dog
493.jpg,dog
494.jpg,dog
495.jpg,dog
496.jpg,dog
497.jpg,dog
498.jpg,dog
499.jpg,dog
5.jpg,dog
50.jpg,dog
500.jpg,dog
501.jpg,dog
502.jpg,dog
503.jpg,dog
504.jpg,dog
505.jpg,dog
506.jpg,dog
507.jpg,dog
508.jpg,dog
509.jpg,dog
51.jpg,dog
510.jpg,dog
511.jpg,dog
512.jpg,dog
52.jpg,dog
53.jpg,dog
54.jpg,dog
55.jpg,dog
56.jpg,dog
57.jpg,dog
58.jpg,dog
59.jpg,dog
6.jpg,dog
60.jpg,dog
61.jpg,dog
62.jpg,dog
63.jpg,dog
64.jpg,dog
65.jpg,dog
66.jpg,dog
67.jpg,dog
68.jpg,dog
69.jpg,dog
7.jpg,dog
70.jpg,dog
71.jpg,dog
72.jpg,dog
73.jpg,dog
74.jpg,dog
75.jpg,dog
76.jpg,dog
77.jpg,dog
78.jpg,dog
79.jpg,dog
8.jpg,dog
80.jpg,dog
81.jpg,dog
82.jpg,dog
83.jpg,dog
84.jpg,dog
85.jpg,dog
86.jpg,dog
87.jpg,dog
88.jpg,dog
89.jpg,dog
9.jpg,dog
90.jpg,dog
91.jpg,dog
92.jpg,dog
93.jpg,dog
94.jpg,dog
95.jpg,dog
96.jpg,dog
97.jpg,dog
98.jpg,dog
99.jpg,dog
1.jpg,frog
10.jpg,frog
100.jpg,frog
101.jpg,frog
102.jpg,frog
103.jpg,frog
104.jpg,frog
105.jpg,frog
106.jpg,frog
107.jpg,frog
108.jpg,frog
109.jpg,frog
11.jpg,frog
110.jpg,frog
111.jpg,frog
112.jpg,frog
113.jpg,frog
114.jpg,frog
115.jpg,frog
116.jpg,frog
117.jpg,frog
118.jpg,frog
119.jpg,frog
12.jpg,frog
120.jpg,frog
121.jpg,frog
122.jpg,frog
123.jpg,frog
124.jpg,frog
125.jpg,frog
126.jpg,frog
127.jpg,frog
128.jpg,frog
129.jpg,frog
13.jpg,frog
130.jpg,frog
131.jpg,frog
132.jpg,frog
133.jpg,frog
134.jpg,frog
135.jpg,frog
136.jpg,frog
137.jpg,frog
138.jpg,frog
139.jpg,frog
14.jpg,frog
140.jpg,frog
141.jpg,frog
142.jpg,frog
143.jpg,frog
144.jpg,frog
145.jpg,frog
146.jpg,frog
147.jpg,frog
148.jpg,frog
149.jpg,frog
15.jpg,frog
150.jpg,frog
151.jpg,frog
152.jpg,frog
153.jpg,frog
154.jpg,frog
155.jpg,frog
156.jpg,frog
157.jpg,frog
158.jpg,frog
159.jpg,frog
16.jpg,frog
160.jpg,frog
161.jpg,frog
162.jpg,frog
163.jpg,frog
164.jpg,frog
165.jpg,frog
166.jpg,frog
167.jpg,frog
168.jpg,frog
169.jpg,frog
17.jpg,frog
170.jpg,frog
171.jpg,frog
172.jpg,frog
173.jpg,frog
174.jpg,frog
175.jpg,frog
176.jpg,frog
177.jpg,frog
178.jpg,frog
179.jpg,frog
18.jpg,frog
180.jpg,frog
181.jpg,frog
182.jpg,frog
183.jpg,frog
184.jpg,frog
185.jpg,frog
186.jpg,frog
187.jpg,frog
188.jpg,frog
189.jpg,frog
19.jpg,frog
190.jpg,frog
191.jpg,frog
192.jpg,frog
193.jpg,frog
194.jpg,frog
195.jpg,frog
196.jpg,frog
197.jpg,frog
198.jpg,frog
199.jpg,frog
2.jpg,frog
20.jpg,frog
200.jpg,frog
201.jpg,frog
202.jpg,frog
203.jpg,frog
204.jpg,frog
205.jpg,frog
206.jpg,frog
207.jpg,frog
208.jpg,frog
209.jpg,frog
21.jpg,frog
210.jpg,frog
211.jpg,frog
212.jpg,frog
213.jpg,frog
214.jpg,frog
215.jpg,frog
216.jpg,frog
217.jpg,frog
218.jpg,frog
219.jpg,frog
22.jpg,frog
220.jpg,frog
221.jpg,frog
222.jpg,frog
223.jpg,frog
224.jpg,frog
225.jpg,frog
226.jpg,frog
227.jpg,frog
228.jpg,frog
229.jpg,frog
23.jpg,frog
230.jpg,frog
231.jpg,frog
232.jpg,frog
233.jpg,frog
234.jpg,frog
235.jpg,frog
236.jpg,frog
237.jpg,frog
238.jpg,frog
239.jpg,frog
24.jpg,frog
240.jpg,frog
241.jpg,frog
242.jpg,frog
243.jpg,frog
244.jpg,frog
245.jpg,frog
246.jpg,frog
247.jpg,frog
248.jpg,frog
249.jpg,frog
25.jpg,frog
250.jpg,frog
251.jpg,frog
252.jpg,frog
253.jpg,frog
254.jpg,frog
255.jpg,frog
256.jpg,frog
257.jpg,frog
258.jpg,frog
259.jpg,frog
26.jpg,frog
260.jpg,frog
261.jpg,frog
262.jpg,frog
263.jpg,frog
264.jpg,frog
265.jpg,frog
266.jpg,frog
267.jpg,frog
268.jpg,frog
269.jpg,frog
27.jpg,frog
270.jpg,frog
271.jpg,frog
272.jpg,frog
273.jpg,frog
274.jpg,frog
275.jpg,frog
276.jpg,frog
277.jpg,frog
278.jpg,frog
279.jpg,frog
28.jpg,frog
280.jpg,frog
281.jpg,frog
282.jpg,frog
283.jpg,frog
284.jpg,frog
285.jpg,frog
286.jpg,frog
287.jpg,frog
288.jpg,frog
289.jpg,frog
29.jpg,frog
290.jpg,frog
291.jpg,frog
292.jpg,frog
293.jpg,frog
294.jpg,frog
295.jpg,frog
296.jpg,frog
297.jpg,frog
298.jpg,frog
299.jpg,frog
3.jpg,frog
30.jpg,frog
300.jpg,frog
301.jpg,frog
302.jpg,frog
303.jpg,frog
304.jpg,frog
305.jpg,frog
306.jpg,frog
307.jpg,frog
308.jpg,frog
309.jpg,frog
31.jpg,frog
310.jpg,frog
311.jpg,frog
312.jpg,frog
313.jpg,frog
314.jpg,frog
315.jpg,frog
316.jpg,frog
317.jpg,frog
318.jpg,frog
319.jpg,frog
32.jpg,frog
320.jpg,frog
321.jpg,frog
322.jpg,frog
323.jpg,frog
324.jpg,frog
325.jpg,frog
326.jpg,frog
327.jpg,frog
328.jpg,frog
329.jpg,frog
33.jpg,frog
330.jpg,frog
331.jpg,frog
332.jpg,frog
333.jpg,frog
334.jpg,frog
335.jpg,frog
336.jpg,frog
337.jpg,frog
338.jpg,frog
339.jpg,frog
34.jpg,frog
340.jpg,frog
341.jpg,frog
342.jpg,frog
343.jpg,frog
344.jpg,frog
345.jpg,frog
346.jpg,frog
347.jpg,frog
348.jpg,frog
349.jpg,frog
35.jpg,frog
350.jpg,frog
351.jpg,frog
352.jpg,frog
353.jpg,frog
354.jpg,frog
355.jpg,frog
356.jpg,frog
357.jpg,frog
358.jpg,frog
359.jpg,frog
36.jpg,frog
360.jpg,frog
361.jpg,frog
362.jpg,frog
363.jpg,frog
364.jpg,frog
365.jpg,frog
366.jpg,frog
367.jpg,frog
368.jpg,frog
369.jpg,frog
37.jpg,frog
370.jpg,frog
371.jpg,frog
372.jpg,frog
373.jpg,frog
374.jpg,frog
375.jpg,frog
376.jpg,frog
377.jpg,frog
378.jpg,frog
379.jpg,frog
38.jpg,frog
380.jpg,frog
381.jpg,frog
382.jpg,frog
383.jpg,frog
384.jpg,frog
385.jpg,frog
386.jpg,frog
387.jpg,frog
388.jpg,frog
389.jpg,frog
39.jpg,frog
390.jpg,frog
391.jpg,frog
392.jpg,frog
393.jpg,frog
394.jpg,frog
395.jpg,frog
396.jpg,frog
397.jpg,frog
398.jpg,frog
399.jpg,frog
4.jpg,frog
40.jpg,frog
400.jpg,frog
401.jpg,frog
402.jpg,frog
403.jpg,frog
404.jpg,frog
405.jpg,frog
406.jpg,frog
407.jpg,frog
408.jpg,frog
409.jpg,frog
41.jpg,frog
410.jpg,frog
411.jpg,frog
412.jpg,frog
413.jpg,frog
414.jpg,frog
415.jpg,frog
416.jpg,frog
417.jpg,frog
418.jpg,frog
419.jpg,frog
42.jpg,frog
420.jpg,frog
421.jpg,frog
422.jpg,frog
423.jpg,frog
424.jpg,frog
425.jpg,frog
426.jpg,frog
427.jpg,frog
428.jpg,frog
429.jpg,frog
43.jpg,frog
430.jpg,frog
431.jpg,frog
432.jpg,frog
433.jpg,frog
434.jpg,frog
435.jpg,frog
436.jpg,frog
437.jpg,frog
438.jpg,frog
439.jpg,frog
44.jpg,frog
440.jpg,frog
441.jpg,frog
442.jpg,frog
443.jpg,frog
444.jpg,frog
445.jpg,frog
446.jpg,frog
447.jpg,frog
448.jpg,frog
449.jpg,frog
45.jpg,frog
450.jpg,frog
451.jpg,frog
452.jpg,frog
453.jpg,frog
454.jpg,frog
455.jpg,frog
456.jpg,frog
457.jpg,frog
458.jpg,frog
459.jpg,frog
46.jpg,frog
460.jpg,frog
461.jpg,frog
462.jpg,frog
463.jpg,frog
464.jpg,frog
465.jpg,frog
466.jpg,frog
467.jpg,frog
468.jpg,frog
469.jpg,frog
47.jpg,frog
470.jpg,frog
471.jpg,frog
472.jpg,frog
473.jpg,frog
474.jpg,frog
475.jpg,frog
476.jpg,frog
477.jpg,frog
478.jpg,frog
479.jpg,frog
48.jpg,frog
480.jpg,frog
481.jpg,frog
482.jpg,frog
483.jpg,frog
484.jpg,frog
485.jpg,frog
486.jpg,frog
487.jpg,frog
488.jpg,frog
489.jpg,frog
49.jpg,frog
490.jpg,frog
491.jpg,frog
492.jpg,frog
493.jpg,frog
494.jpg,frog
495.jpg,frog
496.jpg,frog
497.jpg,frog
498.jpg,frog
499.jpg,frog
5.jpg,frog
50.jpg,frog
500.jpg,frog
501.jpg,frog
502.jpg,frog
503.jpg,frog
504.jpg,frog
505.jpg,frog
506.jpg,frog
507.jpg,frog
508.jpg,frog
509.jpg,frog
51.jpg,frog
52.jpg,frog
53.jpg,frog
54.jpg,frog
55.jpg,frog
56.jpg,frog
57.jpg,frog
58.jpg,frog
59.jpg,frog
6.jpg,frog
60.jpg,frog
61.jpg,frog
62.jpg,frog
63.jpg,frog
64.jpg,frog
65.jpg,frog
66.jpg,frog
67.jpg,frog
68.jpg,frog
69.jpg,frog
7.jpg,frog
70.jpg,frog
71.jpg,frog
72.jpg,frog
73.jpg,frog
74.jpg,frog
75.jpg,frog
76.jpg,frog
77.jpg,frog
78.jpg,frog
79.jpg,frog
8.jpg,frog
80.jpg,frog
81.jpg,frog
82.jpg,frog
83.jpg,frog
84.jpg,frog
85.jpg,frog
86.jpg,frog
87.jpg,frog
88.jpg,frog
89.jpg,frog
9.jpg,frog
90.jpg,frog
91.jpg,frog
92.jpg,frog
93.jpg,frog
94.jpg,frog
95.jpg,frog
96.jpg,frog
97.jpg,frog
98.jpg,frog
99.jpg,frog
1.jpg,horse
10.jpg,horse
100.jpg,horse
101.jpg,horse
102.jpg,horse
103.jpg,horse
104.jpg,horse
105.jpg,horse
106.jpg,horse
107.jpg,horse
108.jpg,horse
109.jpg,horse
11.jpg,horse
110.jpg,horse
111.jpg,horse
112.jpg,horse
113.jpg,horse
114.jpg,horse
115.jpg,horse
116.jpg,horse
117.jpg,horse
118.jpg,horse
119.jpg,horse
12.jpg,horse
120.jpg,horse
121.jpg,horse
122.jpg,horse
123.jpg,horse
124.jpg,horse
125.jpg,horse
126.jpg,horse
127.jpg,horse
128.jpg,horse
129.jpg,horse
13.jpg,horse
130.jpg,horse
131.jpg,horse
132.jpg,horse
133.jpg,horse
134.jpg,horse
135.jpg,horse
136.jpg,horse
137.jpg,horse
138.jpg,horse
139.jpg,horse
14.jpg,horse
140.jpg,horse
141.jpg,horse
142.jpg,horse
143.jpg,horse
144.jpg,horse
145.jpg,horse
146.jpg,horse
147.jpg,horse
148.jpg,horse
149.jpg,horse
15.jpg,horse
150.jpg,horse
151.jpg,horse
152.jpg,horse
153.jpg,horse
154.jpg,horse
155.jpg,horse
156.jpg,horse
157.jpg,horse
158.jpg,horse
159.jpg,horse
16.jpg,horse
160.jpg,horse
161.jpg,horse
162.jpg,horse
163.jpg,horse
164.jpg,horse
165.jpg,horse
166.jpg,horse
167.jpg,horse
168.jpg,horse
169.jpg,horse
17.jpg,horse
170.jpg,horse
171.jpg,horse
172.jpg,horse
173.jpg,horse
174.jpg,horse
175.jpg,horse
176.jpg,horse
177.jpg,horse
178.jpg,horse
179.jpg,horse
18.jpg,horse
180.jpg,horse
181.jpg,horse
182.jpg,horse
183.jpg,horse
184.jpg,horse
185.jpg,horse
186.jpg,horse
187.jpg,horse
188.jpg,horse
189.jpg,horse
19.jpg,horse
190.jpg,horse
191.jpg,horse
192.jpg,horse
193.jpg,horse
194.jpg,horse
195.jpg,horse
196.jpg,horse
197.jpg,horse
198.jpg,horse
199.jpg,horse
2.jpg,horse
20.jpg,horse
200.jpg,horse
201.jpg,horse
202.jpg,horse
203.jpg,horse
204.jpg,horse
205.jpg,horse
206.jpg,horse
207.jpg,horse
208.jpg,horse
209.jpg,horse
21.jpg,horse
210.jpg,horse
211.jpg,horse
212.jpg,horse
213.jpg,horse
214.jpg,horse
215.jpg,horse
216.jpg,horse
217.jpg,horse
218.jpg,horse
219.jpg,horse
22.jpg,horse
220.jpg,horse
221.jpg,horse
222.jpg,horse
223.jpg,horse
224.jpg,horse
225.jpg,horse
226.jpg,horse
227.jpg,horse
228.jpg,horse
229.jpg,horse
23.jpg,horse
230.jpg,horse
231.jpg,horse
232.jpg,horse
233.jpg,horse
234.jpg,horse
235.jpg,horse
236.jpg,horse
237.jpg,horse
238.jpg,horse
239.jpg,horse
24.jpg,horse
240.jpg,horse
241.jpg,horse
242.jpg,horse
243.jpg,horse
244.jpg,horse
245.jpg,horse
246.jpg,horse
247.jpg,horse
248.jpg,horse
249.jpg,horse
25.jpg,horse
250.jpg,horse
2500.jpg,horse
2501.jpg,horse
2502.jpg,horse
2503.jpg,horse
2504.jpg,horse
2505.jpg,horse
2506.jpg,horse
2507.jpg,horse
2508.jpg,horse
2509.jpg,horse
251.jpg,horse
2510.jpg,horse
2511.jpg,horse
2512.jpg,horse
2513.jpg,horse
2514.jpg,horse
2515.jpg,horse
2516.jpg,horse
2517.jpg,horse
2518.jpg,horse
2519.jpg,horse
252.jpg,horse
2520.jpg,horse
2521.jpg,horse
2522.jpg,horse
2523.jpg,horse
2524.jpg,horse
2525.jpg,horse
2526.jpg,horse
2527.jpg,horse
2528.jpg,horse
2529.jpg,horse
253.jpg,horse
2530.jpg,horse
2531.jpg,horse
2532.jpg,horse
2533.jpg,horse
2534.jpg,horse
2535.jpg,horse
2536.jpg,horse
2537.jpg,horse
2538.jpg,horse
2539.jpg,horse
254.jpg,horse
2540.jpg,horse
2541.jpg,horse
2542.jpg,horse
2543.jpg,horse
2544.jpg,horse
2545.jpg,horse
2546.jpg,horse
2547.jpg,horse
2548.jpg,horse
2549.jpg,horse
255.jpg,horse
2550.jpg,horse
2551.jpg,horse
2552.jpg,horse
2553.jpg,horse
2554.jpg,horse
2555.jpg,horse
2556.jpg,horse
2557.jpg,horse
2558.jpg,horse
2559.jpg,horse
256.jpg,horse
2560.jpg,horse
2561.jpg,horse
2562.jpg,horse
2563.jpg,horse
2564.jpg,horse
2565.jpg,horse
2566.jpg,horse
2567.jpg,horse
2568.jpg,horse
2569.jpg,horse
257.jpg,horse
2570.jpg,horse
2571.jpg,horse
2572.jpg,horse
2573.jpg,horse
2574.jpg,horse
2575.jpg,horse
2576.jpg,horse
2577.jpg,horse
2578.jpg,horse
2579.jpg,horse
258.jpg,horse
2580.jpg,horse
2581.jpg,horse
2582.jpg,horse
2583.jpg,horse
2584.jpg,horse
2585.jpg,horse
2586.jpg,horse
2587.jpg,horse
2588.jpg,horse
2589.jpg,horse
259.jpg,horse
2590.jpg,horse
2591.jpg,horse
2592.jpg,horse
2593.jpg,horse
2594.jpg,horse
2595.jpg,horse
2596.jpg,horse
2597.jpg,horse
2598.jpg,horse
2599.jpg,horse
26.jpg,horse
260.jpg,horse
261.jpg,horse
262.jpg,horse
263.jpg,horse
264.jpg,horse
265.jpg,horse
266.jpg,horse
267.jpg,horse
268.jpg,horse
269.jpg,horse
27.jpg,horse
270.jpg,horse
271.jpg,horse
272.jpg,horse
273.jpg,horse
274.jpg,horse
275.jpg,horse
276.jpg,horse
277.jpg,horse
278.jpg,horse
279.jpg,horse
28.jpg,horse
280.jpg,horse
281.jpg,horse
282.jpg,horse
283.jpg,horse
284.jpg,horse
285.jpg,horse
286.jpg,horse
287.jpg,horse
288.jpg,horse
289.jpg,horse
29.jpg,horse
290.jpg,horse
291.jpg,horse
292.jpg,horse
293.jpg,horse
294.jpg,horse
295.jpg,horse
296.jpg,horse
297.jpg,horse
298.jpg,horse
299.jpg,horse
3.jpg,horse
30.jpg,horse
300.jpg,horse
301.jpg,horse
302.jpg,horse
303.jpg,horse
304.jpg,horse
305.jpg,horse
306.jpg,horse
307.jpg,horse
308.jpg,horse
309.jpg,horse
31.jpg,horse
310.jpg,horse
311.jpg,horse
312.jpg,horse
313.jpg,horse
314.jpg,horse
315.jpg,horse
316.jpg,horse
317.jpg,horse
318.jpg,horse
319.jpg,horse
32.jpg,horse
320.jpg,horse
321.jpg,horse
322.jpg,horse
323.jpg,horse
324.jpg,horse
325.jpg,horse
326.jpg,horse
327.jpg,horse
328.jpg,horse
329.jpg,horse
33.jpg,horse
330.jpg,horse
331.jpg,horse
332.jpg,horse
333.jpg,horse
334.jpg,horse
335.jpg,horse
336.jpg,horse
337.jpg,horse
338.jpg,horse
339.jpg,horse
34.jpg,horse
340.jpg,horse
341.jpg,horse
342.jpg,horse
343.jpg,horse
344.jpg,horse
345.jpg,horse
346.jpg,horse
347.jpg,horse
348.jpg,horse
349.jpg,horse
35.jpg,horse
350.jpg,horse
351.jpg,horse
352.jpg,horse
353.jpg,horse
354.jpg,horse
355.jpg,horse
356.jpg,horse
357.jpg,horse
358.jpg,horse
359.jpg,horse
36.jpg,horse
360.jpg,horse
361.jpg,horse
362.jpg,horse
363.jpg,horse
364.jpg,horse
365.jpg,horse
366.jpg,horse
367.jpg,horse
368.jpg,horse
369.jpg,horse
37.jpg,horse
370.jpg,horse
371.jpg,horse
372.jpg,horse
373.jpg,horse
374.jpg,horse
375.jpg,horse
376.jpg,horse
377.jpg,horse
378.jpg,horse
379.jpg,horse
38.jpg,horse
380.jpg,horse
381.jpg,horse
382.jpg,horse
383.jpg,horse
384.jpg,horse
385.jpg,horse
386.jpg,horse
387.jpg,horse
388.jpg,horse
389.jpg,horse
39.jpg,horse
390.jpg,horse
391.jpg,horse
392.jpg,horse
393.jpg,horse
394.jpg,horse
395.jpg,horse
396.jpg,horse
397.jpg,horse
398.jpg,horse
399.jpg,horse
4.jpg,horse
40.jpg,horse
400.jpg,horse
401.jpg,horse
402.jpg,horse
403.jpg,horse
404.jpg,horse
405.jpg,horse
406.jpg,horse
407.jpg,horse
408.jpg,horse
409.jpg,horse
41.jpg,horse
410.jpg,horse
411.jpg,horse
412.jpg,horse
413.jpg,horse
414.jpg,horse
415.jpg,horse
416.jpg,horse
417.jpg,horse
418.jpg,horse
419.jpg,horse
42.jpg,horse
420.jpg,horse
421.jpg,horse
422.jpg,horse
423.jpg,horse
424.jpg,horse
425.jpg,horse
426.jpg,horse
427.jpg,horse
428.jpg,horse
429.jpg,horse
43.jpg,horse
430.jpg,horse
431.jpg,horse
432.jpg,horse
433.jpg,horse
434.jpg,horse
435.jpg,horse
436.jpg,horse
437.jpg,horse
438.jpg,horse
439.jpg,horse
44.jpg,horse
440.jpg,horse
441.jpg,horse
442.jpg,horse
443.jpg,horse
444.jpg,horse
445.jpg,horse
446.jpg,horse
447.jpg,horse
448.jpg,horse
449.jpg,horse
45.jpg,horse
450.jpg,horse
451.jpg,horse
452.jpg,horse
453.jpg,horse
454.jpg,horse
455.jpg,horse
456.jpg,horse
457.jpg,horse
458.jpg,horse
459.jpg,horse
46.jpg,horse
460.jpg,horse
461.jpg,horse
462.jpg,horse
463.jpg,horse
464.jpg,horse
465.jpg,horse
466.jpg,horse
467.jpg,horse
468.jpg,horse
469.jpg,horse
47.jpg,horse
470.jpg,horse
471.jpg,horse
472.jpg,horse
473.jpg,horse
474.jpg,horse
475.jpg,horse
476.jpg,horse
477.jpg,horse
478.jpg,horse
479.jpg,horse
48.jpg,horse
480.jpg,horse
481.jpg,horse
482.jpg,horse
483.jpg,horse
484.jpg,horse
485.jpg,horse
486.jpg,horse
487.jpg,horse
488.jpg,horse
489.jpg,horse
49.jpg,horse
490.jpg,horse
491.jpg,horse
492.jpg,horse
493.jpg,horse
494.jpg,horse
495.jpg,horse
496.jpg,horse
497.jpg,horse
498.jpg,horse
499.jpg,horse
5.jpg,horse
50.jpg,horse
500.jpg,horse
501.jpg,horse
502.jpg,horse
503.jpg,horse
504.jpg,horse
505.jpg,horse
51.jpg,horse
52.jpg,horse
53.jpg,horse
54.jpg,horse
55.jpg,horse
56.jpg,horse
57.jpg,horse
58.jpg,horse
59.jpg,horse
6.jpg,horse
60.jpg,horse
61.jpg,horse
62.jpg,horse
63.jpg,horse
64.jpg,horse
65.jpg,horse
66.jpg,horse
67.jpg,horse
68.jpg,horse
69.jpg,horse
7.jpg,horse
70.jpg,horse
71.jpg,horse
72.jpg,horse
73.jpg,horse
74.jpg,horse
75.jpg,horse
76.jpg,horse
77.jpg,horse
78.jpg,horse
79.jpg,horse
8.jpg,horse
80.jpg,horse
81.jpg,horse
82.jpg,horse
83.jpg,horse
84.jpg,horse
85.jpg,horse
86.jpg,horse
87.jpg,horse
88.jpg,horse
89.jpg,horse
9.jpg,horse
90.jpg,horse
91.jpg,horse
92.jpg,horse
93.jpg,horse
94.jpg,horse
95.jpg,horse
96.jpg,horse
97.jpg,horse
98.jpg,horse
99.jpg,horse
1.jpg,ship
10.jpg,ship
100.jpg,ship
101.jpg,ship
102.jpg,ship
103.jpg,ship
104.jpg,ship
105.jpg,ship
106.jpg,ship
107.jpg,ship
108.jpg,ship
109.jpg,ship
11.jpg,ship
110.jpg,ship
111.jpg,ship
112.jpg,ship
113.jpg,ship
114.jpg,ship
115.jpg,ship
116.jpg,ship
117.jpg,ship
118.jpg,ship
119.jpg,ship
12.jpg,ship
120.jpg,ship
121.jpg,ship
122.jpg,ship
123.jpg,ship
124.jpg,ship
125.jpg,ship
126.jpg,ship
127.jpg,ship
128.jpg,ship
129.jpg,ship
13.jpg,ship
130.jpg,ship
131.jpg,ship
132.jpg,ship
133.jpg,ship
134.jpg,ship
135.jpg,ship
136.jpg,ship
137.jpg,ship
138.jpg,ship
139.jpg,ship
14.jpg,ship
140.jpg,ship
141.jpg,ship
142.jpg,ship
143.jpg,ship
144.jpg,ship
145.jpg,ship
146.jpg,ship
147.jpg,ship
148.jpg,ship
149.jpg,ship
15.jpg,ship
150.jpg,ship
151.jpg,ship
152.jpg,ship
153.jpg,ship
154.jpg,ship
155.jpg,ship
156.jpg,ship
157.jpg,ship
158.jpg,ship
159.jpg,ship
16.jpg,ship
160.jpg,ship
161.jpg,ship
162.jpg,ship
163.jpg,ship
164.jpg,ship
165.jpg,ship
166.jpg,ship
167.jpg,ship
168.jpg,ship
169.jpg,ship
17.jpg,ship
170.jpg,ship
171.jpg,ship
172.jpg,ship
173.jpg,ship
174.jpg,ship
175.jpg,ship
176.jpg,ship
177.jpg,ship
178.jpg,ship
179.jpg,ship
18.jpg,ship
180.jpg,ship
181.jpg,ship
182.jpg,ship
183.jpg,ship
184.jpg,ship
185.jpg,ship
186.jpg,ship
187.jpg,ship
188.jpg,ship
189.jpg,ship
19.jpg,ship
190.jpg,ship
191.jpg,ship
192.jpg,ship
193.jpg,ship
194.jpg,ship
195.jpg,ship
196.jpg,ship
197.jpg,ship
198.jpg,ship
199.jpg,ship
2.jpg,ship
20.jpg,ship
200.jpg,ship
201.jpg,ship
202.jpg,ship
203.jpg,ship
204.jpg,ship
205.jpg,ship
206.jpg,ship
207.jpg,ship
208.jpg,ship
209.jpg,ship
21.jpg,ship
210.jpg,ship
211.jpg,ship
212.jpg,ship
213.jpg,ship
214.jpg,ship
215.jpg,ship
216.jpg,ship
217.jpg,ship
218.jpg,ship
219.jpg,ship
22.jpg,ship
220.jpg,ship
221.jpg,ship
222.jpg,ship
223.jpg,ship
224.jpg,ship
225.jpg,ship
226.jpg,ship
227.jpg,ship
228.jpg,ship
229.jpg,ship
23.jpg,ship
230.jpg,ship
231.jpg,ship
232.jpg,ship
233.jpg,ship
234.jpg,ship
235.jpg,ship
236.jpg,ship
237.jpg,ship
238.jpg,ship
239.jpg,ship
24.jpg,ship
240.jpg,ship
241.jpg,ship
242.jpg,ship
243.jpg,ship
244.jpg,ship
245.jpg,ship
246.jpg,ship
247.jpg,ship
248.jpg,ship
249.jpg,ship
25.jpg,ship
250.jpg,ship
251.jpg,ship
252.jpg,ship
253.jpg,ship
254.jpg,ship
255.jpg,ship
256.jpg,ship
257.jpg,ship
258.jpg,ship
259.jpg,ship
26.jpg,ship
260.jpg,ship
261.jpg,ship
262.jpg,ship
263.jpg,ship
264.jpg,ship
265.jpg,ship
266.jpg,ship
267.jpg,ship
268.jpg,ship
269.jpg,ship
27.jpg,ship
270.jpg,ship
271.jpg,ship
272.jpg,ship
273.jpg,ship
274.jpg,ship
275.jpg,ship
276.jpg,ship
277.jpg,ship
278.jpg,ship
279.jpg,ship
28.jpg,ship
280.jpg,ship
281.jpg,ship
282.jpg,ship
283.jpg,ship
284.jpg,ship
285.jpg,ship
286.jpg,ship
287.jpg,ship
288.jpg,ship
289.jpg,ship
29.jpg,ship
290.jpg,ship
291.jpg,ship
292.jpg,ship
293.jpg,ship
294.jpg,ship
295.jpg,ship
296.jpg,ship
297.jpg,ship
298.jpg,ship
299.jpg,ship
3.jpg,ship
30.jpg,ship
300.jpg,ship
301.jpg,ship
302.jpg,ship
303.jpg,ship
304.jpg,ship
305.jpg,ship
306.jpg,ship
307.jpg,ship
308.jpg,ship
309.jpg,ship
31.jpg,ship
310.jpg,ship
311.jpg,ship
312.jpg,ship
313.jpg,ship
314.jpg,ship
315.jpg,ship
316.jpg,ship
317.jpg,ship
318.jpg,ship
319.jpg,ship
32.jpg,ship
320.jpg,ship
321.jpg,ship
322.jpg,ship
323.jpg,ship
324.jpg,ship
325.jpg,ship
326.jpg,ship
327.jpg,ship
328.jpg,ship
329.jpg,ship
33.jpg,ship
330.jpg,ship
331.jpg,ship
332.jpg,ship
333.jpg,ship
334.jpg,ship
335.jpg,ship
336.jpg,ship
337.jpg,ship
338.jpg,ship
339.jpg,ship
34.jpg,ship
340.jpg,ship
341.jpg,ship
342.jpg,ship
343.jpg,ship
344.jpg,ship
345.jpg,ship
346.jpg,ship
347.jpg,ship
348.jpg,ship
349.jpg,ship
35.jpg,ship
350.jpg,ship
351.jpg,ship
352.jpg,ship
353.jpg,ship
354.jpg,ship
355.jpg,ship
356.jpg,ship
357.jpg,ship
358.jpg,ship
359.jpg,ship
36.jpg,ship
360.jpg,ship
361.jpg,ship
362.jpg,ship
363.jpg,ship
364.jpg,ship
365.jpg,ship
366.jpg,ship
367.jpg,ship
368.jpg,ship
369.jpg,ship
37.jpg,ship
370.jpg,ship
371.jpg,ship
372.jpg,ship
373.jpg,ship
374.jpg,ship
375.jpg,ship
376.jpg,ship
377.jpg,ship
378.jpg,ship
379.jpg,ship
38.jpg,ship
380.jpg,ship
381.jpg,ship
382.jpg,ship
383.jpg,ship
384.jpg,ship
385.jpg,ship
386.jpg,ship
387.jpg,ship
388.jpg,ship
389.jpg,ship
39.jpg,ship
390.jpg,ship
391.jpg,ship
392.jpg,ship
393.jpg,ship
394.jpg,ship
395.jpg,ship
396.jpg,ship
397.jpg,ship
398.jpg,ship
399.jpg,ship
4.jpg,ship
40.jpg,ship
400.jpg,ship
401.jpg,ship
402.jpg,ship
403.jpg,ship
404.jpg,ship
405.jpg,ship
406.jpg,ship
407.jpg,ship
408.jpg,ship
409.jpg,ship
41.jpg,ship
410.jpg,ship
411.jpg,ship
412.jpg,ship
413.jpg,ship
414.jpg,ship
415.jpg,ship
416.jpg,ship
417.jpg,ship
418.jpg,ship
419.jpg,ship
42.jpg,ship
420.jpg,ship
421.jpg,ship
422.jpg,ship
423.jpg,ship
424.jpg,ship
425.jpg,ship
426.jpg,ship
427.jpg,ship
428.jpg,ship
429.jpg,ship
43.jpg,ship
430.jpg,ship
431.jpg,ship
432.jpg,ship
433.jpg,ship
434.jpg,ship
435.jpg,ship
436.jpg,ship
437.jpg,ship
438.jpg,ship
439.jpg,ship
44.jpg,ship
440.jpg,ship
441.jpg,ship
442.jpg,ship
443.jpg,ship
444.jpg,ship
445.jpg,ship
446.jpg,ship
447.jpg,ship
448.jpg,ship
449.jpg,ship
45.jpg,ship
450.jpg,ship
451.jpg,ship
452.jpg,ship
453.jpg,ship
454.jpg,ship
455.jpg,ship
456.jpg,ship
457.jpg,ship
458.jpg,ship
459.jpg,ship
46.jpg,ship
460.jpg,ship
461.jpg,ship
462.jpg,ship
463.jpg,ship
464.jpg,ship
465.jpg,ship
466.jpg,ship
467.jpg,ship
468.jpg,ship
469.jpg,ship
47.jpg,ship
470.jpg,ship
471.jpg,ship
472.jpg,ship
473.jpg,ship
474.jpg,ship
475.jpg,ship
476.jpg,ship
477.jpg,ship
478.jpg,ship
479.jpg,ship
48.jpg,ship
480.jpg,ship
481.jpg,ship
482.jpg,ship
483.jpg,ship
484.jpg,ship
485.jpg,ship
486.jpg,ship
487.jpg,ship
488.jpg,ship
489.jpg,ship
49.jpg,ship
490.jpg,ship
491.jpg,ship
492.jpg,ship
493.jpg,ship
494.jpg,ship
495.jpg,ship
496.jpg,ship
5.jpg,ship
50.jpg,ship
51.jpg,ship
52.jpg,ship
53.jpg,ship
54.jpg,ship
55.jpg,ship
56.jpg,ship
57.jpg,ship
58.jpg,ship
59.jpg,ship
6.jpg,ship
60.jpg,ship
61.jpg,ship
62.jpg,ship
63.jpg,ship
64.jpg,ship
65.jpg,ship
66.jpg,ship
67.jpg,ship
68.jpg,ship
69.jpg,ship
7.jpg,ship
70.jpg,ship
71.jpg,ship
72.jpg,ship
73.jpg,ship
74.jpg,ship
75.jpg,ship
76.jpg,ship
77.jpg,ship
78.jpg,ship
79.jpg,ship
8.jpg,ship
80.jpg,ship
81.jpg,ship
82.jpg,ship
83.jpg,ship
84.jpg,ship
85.jpg,ship
86.jpg,ship
87.jpg,ship
88.jpg,ship
89.jpg,ship
9.jpg,ship
90.jpg,ship
91.jpg,ship
92.jpg,ship
93.jpg,ship
94.jpg,ship
95.jpg,ship
96.jpg,ship
97.jpg,ship
98.jpg,ship
99.jpg,ship
1.jpg,truck
10.jpg,truck
100.jpg,truck
101.jpg,truck
102.jpg,truck
103.jpg,truck
104.jpg,truck
105.jpg,truck
106.jpg,truck
107.jpg,truck
108.jpg,truck
109.jpg,truck
11.jpg,truck
110.jpg,truck
111.jpg,truck
112.jpg,truck
113.jpg,truck
114.jpg,truck
115.jpg,truck
116.jpg,truck
117.jpg,truck
118.jpg,truck
119.jpg,truck
12.jpg,truck
120.jpg,truck
121.jpg,truck
122.jpg,truck
123.jpg,truck
124.jpg,truck
125.jpg,truck
126.jpg,truck
127.jpg,truck
128.jpg,truck
129.jpg,truck
13.jpg,truck
130.jpg,truck
131.jpg,truck
132.jpg,truck
133.jpg,truck
134.jpg,truck
135.jpg,truck
136.jpg,truck
137.jpg,truck
138.jpg,truck
139.jpg,truck
14.jpg,truck
140.jpg,truck
141.jpg,truck
142.jpg,truck
143.jpg,truck
144.jpg,truck
145.jpg,truck
146.jpg,truck
147.jpg,truck
148.jpg,truck
149.jpg,truck
15.jpg,truck
150.jpg,truck
151.jpg,truck
152.jpg,truck
153.jpg,truck
154.jpg,truck
155.jpg,truck
156.jpg,truck
157.jpg,truck
158.jpg,truck
159.jpg,truck
16.jpg,truck
160.jpg,truck
161.jpg,truck
162.jpg,truck
163.jpg,truck
164.jpg,truck
165.jpg,truck
166.jpg,truck
167.jpg,truck
168.jpg,truck
169.jpg,truck
17.jpg,truck
170.jpg,truck
171.jpg,truck
172.jpg,truck
173.jpg,truck
174.jpg,truck
175.jpg,truck
176.jpg,truck
177.jpg,truck
178.jpg,truck
179.jpg,truck
18.jpg,truck
180.jpg,truck
181.jpg,truck
182.jpg,truck
183.jpg,truck
184.jpg,truck
185.jpg,truck
186.jpg,truck
187.jpg,truck
188.jpg,truck
189.jpg,truck
19.jpg,truck
190.jpg,truck
191.jpg,truck
192.jpg,truck
193.jpg,truck
194.jpg,truck
195.jpg,truck
196.jpg,truck
197.jpg,truck
198.jpg,truck
199.jpg,truck
2.jpg,truck
20.jpg,truck
200.jpg,truck
201.jpg,truck
202.jpg,truck
203.jpg,truck
204.jpg,truck
205.jpg,truck
206.jpg,truck
207.jpg,truck
208.jpg,truck
209.jpg,truck
21.jpg,truck
210.jpg,truck
211.jpg,truck
212.jpg,truck
213.jpg,truck
214.jpg,truck
215.jpg,truck
216.jpg,truck
217.jpg,truck
218.jpg,truck
219.jpg,truck
22.jpg,truck
220.jpg,truck
221.jpg,truck
222.jpg,truck
223.jpg,truck
224.jpg,truck
225.jpg,truck
226.jpg,truck
227.jpg,truck
228.jpg,truck
229.jpg,truck
23.jpg,truck
230.jpg,truck
231.jpg,truck
232.jpg,truck
233.jpg,truck
234.jpg,truck
235.jpg,truck
236.jpg,truck
237.jpg,truck
238.jpg,truck
239.jpg,truck
24.jpg,truck
240.jpg,truck
241.jpg,truck
242.jpg,truck
243.jpg,truck
244.jpg,truck
245.jpg,truck
246.jpg,truck
247.jpg,truck
248.jpg,truck
249.jpg,truck
25.jpg,truck
250.jpg,truck
251.jpg,truck
252.jpg,truck
253.jpg,truck
254.jpg,truck
255.jpg,truck
256.jpg,truck
257.jpg,truck
258.jpg,truck
259.jpg,truck
26.jpg,truck
260.jpg,truck
261.jpg,truck
262.jpg,truck
263.jpg,truck
264.jpg,truck
265.jpg,truck
266.jpg,truck
267.jpg,truck
268.jpg,truck
269.jpg,truck
27.jpg,truck
270.jpg,truck
271.jpg,truck
272.jpg,truck
273.jpg,truck
274.jpg,truck
275.jpg,truck
276.jpg,truck
277.jpg,truck
278.jpg,truck
279.jpg,truck
28.jpg,truck
280.jpg,truck
281.jpg,truck
282.jpg,truck
283.jpg,truck
284.jpg,truck
285.jpg,truck
286.jpg,truck
287.jpg,truck
288.jpg,truck
289.jpg,truck
29.jpg,truck
290.jpg,truck
291.jpg,truck
292.jpg,truck
293.jpg,truck
294.jpg,truck
295.jpg,truck
296.jpg,truck
297.jpg,truck
298.jpg,truck
299.jpg,truck
3.jpg,truck
30.jpg,truck
300.jpg,truck
301.jpg,truck
302.jpg,truck
303.jpg,truck
304.jpg,truck
305.jpg,truck
306.jpg,truck
307.jpg,truck
308.jpg,truck
309.jpg,truck
31.jpg,truck
310.jpg,truck
311.jpg,truck
312.jpg,truck
313.jpg,truck
314.jpg,truck
315.jpg,truck
316.jpg,truck
317.jpg,truck
318.jpg,truck
319.jpg,truck
32.jpg,truck
320.jpg,truck
321.jpg,truck
322.jpg,truck
323.jpg,truck
324.jpg,truck
325.jpg,truck
326.jpg,truck
327.jpg,truck
328.jpg,truck
329.jpg,truck
33.jpg,truck
330.jpg,truck
331.jpg,truck
332.jpg,truck
333.jpg,truck
334.jpg,truck
335.jpg,truck
336.jpg,truck
337.jpg,truck
338.jpg,truck
339.jpg,truck
34.jpg,truck
340.jpg,truck
341.jpg,truck
342.jpg,truck
343.jpg,truck
344.jpg,truck
345.jpg,truck
346.jpg,truck
347.jpg,truck
348.jpg,truck
349.jpg,truck
35.jpg,truck
350.jpg,truck
351.jpg,truck
352.jpg,truck
353.jpg,truck
354.jpg,truck
355.jpg,truck
356.jpg,truck
357.jpg,truck
358.jpg,truck
359.jpg,truck
36.jpg,truck
360.jpg,truck
361.jpg,truck
362.jpg,truck
363.jpg,truck
364.jpg,truck
365.jpg,truck
366.jpg,truck
367.jpg,truck
368.jpg,truck
369.jpg,truck
37.jpg,truck
370.jpg,truck
371.jpg,truck
372.jpg,truck
373.jpg,truck
374.jpg,truck
375.jpg,truck
376.jpg,truck
377.jpg,truck
378.jpg,truck
379.jpg,truck
38.jpg,truck
380.jpg,truck
381.jpg,truck
382.jpg,truck
383.jpg,truck
384.jpg,truck
385.jpg,truck
386.jpg,truck
387.jpg,truck
388.jpg,truck
389.jpg,truck
39.jpg,truck
390.jpg,truck
391.jpg,truck
392.jpg,truck
393.jpg,truck
394.jpg,truck
395.jpg,truck
396.jpg,truck
397.jpg,truck
398.jpg,truck
399.jpg,truck
4.jpg,truck
40.jpg,truck
400.jpg,truck
401.jpg,truck
402.jpg,truck
403.jpg,truck
404.jpg,truck
405.jpg,truck
406.jpg,truck
407.jpg,truck
408.jpg,truck
409.jpg,truck
41.jpg,truck
410.jpg,truck
411.jpg,truck
412.jpg,truck
413.jpg,truck
414.jpg,truck
415.jpg,truck
416.jpg,truck
417.jpg,truck
418.jpg,truck
419.jpg,truck
42.jpg,truck
420.jpg,truck
421.jpg,truck
422.jpg,truck
423.jpg,truck
424.jpg,truck
425.jpg,truck
426.jpg,truck
427.jpg,truck
428.jpg,truck
429.jpg,truck
43.jpg,truck
430.jpg,truck
431.jpg,truck
432.jpg,truck
433.jpg,truck
434.jpg,truck
435.jpg,truck
436.jpg,truck
437.jpg,truck
438.jpg,truck
439.jpg,truck
44.jpg,truck
440.jpg,truck
441.jpg,truck
442.jpg,truck
443.jpg,truck
444.jpg,truck
445.jpg,truck
446.jpg,truck
447.jpg,truck
448.jpg,truck
449.jpg,truck
45.jpg,truck
450.jpg,truck
451.jpg,truck
452.jpg,truck
453.jpg,truck
454.jpg,truck
455.jpg,truck
456.jpg,truck
457.jpg,truck
458.jpg,truck
459.jpg,truck
46.jpg,truck
460.jpg,truck
461.jpg,truck
462.jpg,truck
463.jpg,truck
464.jpg,truck
465.jpg,truck
466.jpg,truck
467.jpg,truck
468.jpg,truck
469.jpg,truck
47.jpg,truck
470.jpg,truck
471.jpg,truck
472.jpg,truck
473.jpg,truck
474.jpg,truck
475.jpg,truck
476.jpg,truck
477.jpg,truck
478.jpg,truck
479.jpg,truck
48.jpg,truck
480.jpg,truck
481.jpg,truck
482.jpg,truck
483.jpg,truck
484.jpg,truck
485.jpg,truck
486.jpg,truck
487.jpg,truck
49.jpg,truck
5.jpg,truck
50.jpg,truck
51.jpg,truck
52.jpg,truck
53.jpg,truck
54.jpg,truck
55.jpg,truck
56.jpg,truck
57.jpg,truck
58.jpg,truck
59.jpg,truck
6.jpg,truck
60.jpg,truck
61.jpg,truck
62.jpg,truck
63.jpg,truck
64.jpg,truck
65.jpg,truck
66.jpg,truck
67.jpg,truck
68.jpg,truck
69.jpg,truck
7.jpg,truck
70.jpg,truck
71.jpg,truck
72.jpg,truck
73.jpg,truck
74.jpg,truck
75.jpg,truck
76.jpg,truck
77.jpg,truck
78.jpg,truck
79.jpg,truck
8.jpg,truck
80.jpg,truck
81.jpg,truck
82.jpg,truck
83.jpg,truck
84.jpg,truck
85.jpg,truck
86.jpg,truck
87.jpg,truck
88.jpg,truck
89.jpg,truck
9.jpg,truck
90.jpg,truck
91.jpg,truck
92.jpg,truck
93.jpg,truck
94.jpg,truck
95.jpg,truck
96.jpg,truck
97.jpg,truck
98.jpg,truck
99.jpg,truck
